Species,wd,MaxD,MaxgrD,MeangrD,Mort
Abarema jupunba,0.585142857,538,1.151497004,0.373593285,0.224063788
Abarema macradenia,0.438,NA,NA,NA,NA
Abarema mataybifolia,NA,271.7,0.327023815,NA,NA
Acioa edulis,0.82,NA,NA,NA,NA
Acrocomia aculeata,NA,258.4,NA,NA,NA
Adelia triloba,0.543,NA,NA,NA,NA
Aegiphila integrifolia,0.86,NA,NA,NA,NA
Aegiphila intermedia,0.43,NA,NA,NA,NA
Agonandra brasiliensis,0.800333333,381.6,NA,NA,NA
Agonandra silvatica,0.8305,395.8,0.452594041,0.125410704,NA
Aiouea grandifolia,NA,490.25,0.7554055,0.212581447,NA
Albizia guachapele,0.5125,NA,NA,NA,NA
Albizia niopoides,0.555,NA,NA,NA,NA
Albizia pedicellaris,NA,895.7,2.007189934,0.50585243,NA
Alchornea discolor,NA,315.55,NA,NA,NA
Alchornea glandulosa,0.3725,338.9,0.966438606,0.277090871,NA
Alchornea latifolia,0.426666667,NA,NA,NA,NA
Alchornea triplinervia,0.466666667,520.6,1.679182209,0.494560043,NA
Alchorneopsis floribunda,NA,546.1,0.989392667,0.296867668,NA
Aldina heterophylla,0.749,NA,NA,NA,NA
Aldina kunhardtiana,NA,566.5,0.300119027,0.097714456,NA
Aldina latifolia,0.74,NA,NA,NA,NA
Alexa grandiflora,0.632,461.3,NA,NA,NA
Alexa imperatricis,0.487142857,384,0.820639198,0.270401373,NA
Alexa wachenheimii,0.49,NA,NA,NA,NA
Alibertia curviflora,0.73,NA,NA,NA,NA
Alibertia edulis,0.76,NA,NA,NA,NA
Alibertia verrucosa,0.56,NA,NA,NA,NA
Allantoma lineata,0.545,NA,NA,NA,NA
Allophylus amazonicus,0.55,NA,NA,NA,NA
Allophylus floribundus,0.39,NA,NA,NA,NA
Allophylus loretensis,NA,178.8,0.369673042,0.087988851,NA
Allophylus scrobiculatus,0.46,355.7,0.979340136,0.331646448,NA
Alseis blackiana,0.536,590.5,0.67566144,0.238660566,NA
Alseis peruviana,0.65,NA,NA,NA,NA
Alsophila cuspidata,NA,190.4,NA,NA,NA
Amaioua corymbosa,NA,289.55,0.817824296,0.171724356,NA
Amaioua guianensis,0.625,214,0.313335872,0.079464716,1.931933
Amanoa guianensis,0.843,639.2,NA,NA,NA
Amanoa oblongifolia,0.83,314.65,0.29763565,0.102243633,NA
Ambelania acida,0.524666667,216.6,0.299012251,0.068521759,0.340042002
Amburana cearensis,0.514285714,569.1,1.466992665,0.383308532,NA
Ampelocera edentula,0.6995,395.1,0.862277435,0.227681499,1.385322241
Ampelocera ruizii,0.648,806.35,2.209775112,0.518285979,NA
Amphiodon effusus,NA,173,0.735504736,0.157298209,NA
Amphirrhox longifolia,0.71,165.8,0.190491139,0.034728697,NA
Anacardium excelsum,0.391285714,NA,NA,NA,NA
Anacardium giganteum,0.443,723.4,0.902738234,0.250271092,NA
Anacardium occidentale,0.450777778,NA,NA,NA,NA
Anacardium parvifolium,0.525333333,866,NA,NA,NA
Anacardium spruceanum,0.479166667,635.5,1.003894503,0.319235742,NA
Anadenanthera colubrina,0.8375,476.95,1.144802432,0.384619356,NA
Anaueria brasiliensis,NA,655.6,1.328010323,0.283488613,NA
Anaxagorea crassipetala,0.48,NA,NA,NA,NA
Anaxagorea dolichocarpa,0.58,153.2,0.392254795,0.077962464,1.932857724
Andira coriacea,0.732,NA,NA,NA,NA
Andira inermis,0.643833334,596.75,1.149256128,0.248683453,NA
Andira micrantha,1,439.25,0.609230939,0.109980376,NA
Andira parviflora,0.71675,NA,NA,NA,NA
Andira surinamensis,0.70475,827.65,1.060206845,NA,NA
Andira unifoliolata,0.76,528,0.748348185,0.144632527,NA
Aniba burchellii,0.52,NA,NA,NA,NA
Aniba canelilla,0.952428571,501.7,0.665589406,0.176743888,NA
Aniba citrifolia,NA,201.4,NA,NA,NA
Aniba cylindriflora,0.6695,NA,NA,NA,NA
Aniba excelsa,0.551,NA,NA,NA,NA
Aniba guianensis,0.52,387.75,0.763276609,0.20944423,NA
Aniba hostmanniana,0.619,NA,NA,NA,NA
Aniba hypoglauca,0.525,NA,NA,NA,NA
Aniba kappleri,NA,272.8,0.914529915,0.228567525,NA
Aniba panurensis,0.61,332.2,0.69011011,0.136403921,NA
Aniba parviflora,0.54,NA,NA,NA,NA
Aniba perutilis,0.5,NA,NA,NA,NA
Aniba puchury-minor,0.533333333,NA,NA,NA,NA
Aniba riparia,0.57,NA,NA,NA,NA
Aniba rosaeodora,0.744666667,NA,NA,NA,NA
Aniba taubertiana,NA,306.4,0.676419695,0.182265583,NA
Aniba terminalis,0.54,239.5,0.336073682,0.074828889,NA
Aniba williamsii,0.6375,266.3,0.351239805,0.115675038,NA
Anisophyllea manausensis,0.86,406.85,0.475702163,0.135565521,NA
Annona ambotay,NA,191.25,1.04,0.325041191,NA
Annona foetida,0.572,NA,NA,NA,NA
Annona hypoglauca,0.38,NA,NA,NA,NA
Annona montana,NA,289.7,NA,NA,NA
Annona muricata,0.36,NA,NA,NA,NA
Annona purpurea,NA,736.8,NA,NA,NA
Anthodiscus amazonicus,0.715,NA,NA,NA,NA
Anthodiscus peruanus,0.69,NA,NA,NA,NA
Anthodiscus pilosus,0.69,NA,NA,NA,NA
Antonia ovata,0.467333333,NA,NA,NA,NA
Aparisthmium cordatum,0.39,182.2,1.524620749,0.23671465,NA
Apeiba albiflora,0.2454,NA,NA,NA,NA
Apeiba aspera,0.303166667,576.7,1.446562024,0.365701015,1.62936999
Apeiba echinata,NA,528.65,1.185504513,0.280927552,NA
Apeiba glabra,0.32,481.25,1.212903388,0.283127037,NA
Apeiba membranacea,NA,753.6,1.710145769,0.441485718,0.982356788
Apeiba petoumo,NA,619.8,NA,NA,NA
Apeiba tibourbou,0.2,496.4,2.319430117,0.496791054,NA
Aptandra tubicina,0.765,385.95,NA,NA,NA
Apuleia leiocarpa,0.788,1109,1.121045833,0.322163473,NA
Aspidosperma album,0.766166667,540,0.911585531,0.236742636,NA
Aspidosperma capitatum,0.73,NA,NA,NA,NA
Aspidosperma carapanauba,NA,886.9,1.070895675,0.330368469,NA
Aspidosperma curranii,0.73,NA,NA,NA,NA
Aspidosperma cylindrocarpon,0.636666667,411.6,0.982920552,0.28324967,NA
Aspidosperma darienense,NA,336.75,0.458773451,0.211411065,NA
Aspidosperma desmanthum,0.61,472,0.74739141,0.179859449,NA
Aspidosperma discolor,0.758,582.25,0.954904655,0.371680474,NA
Aspidosperma excelsum,0.792,742.6,0.987573582,0.303055757,0.482835478
Aspidosperma macrocarpon,0.683333333,1063.6,NA,NA,NA
Aspidosperma megalocarpon,0.7774,NA,NA,NA,NA
Aspidosperma megaphyllum,0.673,NA,NA,NA,NA
Aspidosperma multiflorum,NA,421.2,0.99841496,0.338779609,NA
Aspidosperma oblongum,0.865,NA,NA,NA,NA
Aspidosperma obscurinervium,0.86,NA,NA,NA,NA
Aspidosperma parvifolium,0.7365,501,0.83190413,0.211385978,0.407232988
Aspidosperma polyneuron,0.75,NA,NA,NA,NA
Aspidosperma quirandy,NA,376.55,0.649045741,0.319203255,NA
Aspidosperma rigidum,0.46,742.2,1.43444028,0.295182691,NA
Aspidosperma sandwithianum,0.792,NA,NA,NA,NA
Aspidosperma schultesii,NA,670.35,0.489773827,0.196502789,NA
Aspidosperma spruceanum,0.753333333,269.55,1.087463104,NA,NA
Aspidosperma verruculosum,0.94,NA,NA,NA,NA
Aspidosperma williamii,NA,425.2,0.322261034,NA,NA
Astrocaryum aculeatum,NA,240,NA,NA,NA
Astrocaryum chambira,NA,292.55,NA,NA,NA
Astrocaryum gynacanthum,NA,319,NA,NA,NA
Astrocaryum murumuru,0.508,237.35,NA,NA,1.722202944
Astrocaryum sciophilum,NA,240.1,NA,NA,1.203520608
Astrocaryum triandrum,NA,134.75,NA,NA,NA
Astronium fraxinifolium,NA,398.75,1.252110195,0.352025863,NA
Astronium gracile,0.73,999,NA,NA,NA
Astronium graveolens,0.843333333,376,0.674160228,0.224929648,0.640979252
Astronium lecointei,0.790333333,562.5,0.611481824,0.195187862,0.697930838
Astronium ulei,0.7035,353.6,0.484756596,0.168860128,NA
Attalea butyracea,0.326,466.6,NA,NA,1.022791461
Attalea maripa,NA,450,NA,NA,NA
Attalea phalerata,NA,520,NA,NA,0.875799282
Attalea speciosa,NA,416,NA,NA,NA
Bactris gasipaes,NA,205.65,NA,NA,NA
Bagassa guianensis,0.706,1286.8,NA,NA,NA
Balizia elegans,0.495,NA,NA,NA,NA
Banara guianensis,0.61,NA,NA,NA,NA
Banara nitida,0.6015,334,NA,NA,NA
Barnebydendron riedelii,NA,721.45,NA,NA,NA
Batesia floribunda,0.54,NA,NA,NA,NA
Batocarpus amazonicus,0.533,492.25,0.943474697,0.237753716,NA
Batocarpus costaricensis,NA,430.8,0.838014126,0.248919114,NA
Batocarpus orinocensis,NA,285.1,NA,NA,NA
Bauhinia brachycalyx,NA,352.55,0.901846519,0.279492802,NA
Bauhinia rufa,NA,213.5,0.676547292,0.28001542,NA
Bauhinia tarapotensis,0.6,NA,NA,NA,NA
Beilschmiedia pendula,0.503,NA,NA,NA,NA
Bellucia grossularioides,0.5975,299.4,1.635194857,0.611174116,NA
Bellucia pentamera,0.485,NA,NA,NA,NA
Bertholletia excelsa,0.624,1712.8,2.145927122,0.637786537,0.225247236
Bixa arborea,0.37,397.6,1.343026806,0.568094422,NA
Bixa excelsa,0.32,NA,NA,NA,NA
Bixa orellana,0.36,NA,NA,NA,NA
Bixa platycarpa,NA,383.95,NA,NA,NA
Bixa urucurana,NA,389.15,NA,NA,NA
Blepharocalyx eggersii,0.726,NA,NA,NA,NA
Blepharocalyx salicifolius,0.6,NA,NA,NA,NA
Bocageopsis mattogrossensis,NA,315.3,NA,NA,NA
Bocageopsis multiflora,0.6402,308.2,0.4995005,0.163686622,0.359885528
Bocoa prouacensis,1.053666667,413.7,0.299649621,0.084498684,0.351961557
Bocoa viridiflora,0.835,336.1,0.320571496,0.066767711,0.656122008
Botryarrhena pendula,0.734,NA,NA,NA,NA
Bowdichia nitida,0.803333333,NA,NA,NA,NA
Brosimum acutifolium,0.640285714,580.8,0.928229713,0.242289118,NA
Brosimum alicastrum,0.598571429,990.25,1.331080349,0.279736827,1.354159145
Brosimum costaricanum,0.665,NA,NA,NA,NA
Brosimum gaudichaudii,0.56,NA,NA,NA,NA
Brosimum guianense,0.8435,443,0.906506519,0.186691536,0.357207166
Brosimum lactescens,0.6556,501.3,0.949691404,0.238228902,0.308676773
Brosimum parinarioides,0.630625,701.5,0.901639878,0.188024824,NA
Brosimum potabile,0.5425,767.15,1.203918059,0.260581174,NA
Brosimum rubescens,0.825142857,486.8,0.629810095,0.171491428,0.480282965
Brosimum utile,0.505785714,880,0.997492622,0.355582397,0.251936764
Brownea grandiceps,NA,183.2,0.233544781,0.097389355,NA
Brownea similis,NA,141.7,NA,NA,NA
Browneopsis ucayalina,NA,282.45,NA,NA,NA
Buchenavia amazonia,NA,326.5,NA,NA,NA
Buchenavia grandis,0.755,841.8,1.135835794,0.262784649,NA
Buchenavia macrophylla,NA,252.75,NA,NA,NA
Buchenavia ochroprumna,0.69,NA,NA,NA,NA
Buchenavia oxycarpa,0.713333333,368.4,0.955445974,0.330072231,NA
Buchenavia pallidovirens,0.82,NA,NA,NA,NA
Buchenavia parvifolia,0.818,636,0.998779528,0.218895946,NA
Buchenavia sericocarpa,NA,451.95,NA,NA,NA
Buchenavia tetraphylla,0.61725,711.6,NA,NA,NA
Buchenavia viridiflora,0.775,NA,NA,NA,NA
Bulnesia arborea,0.943333333,NA,NA,NA,NA
Bunchosia argentea,0.65,297.2,NA,NA,NA
Burdachia prismatocarpa,0.73,NA,NA,NA,NA
Bursera graveolens,0.32,NA,NA,NA,NA
Bursera simaruba,0.305,505.2,0.890451084,0.286591785,0.900869784
Byrsonima aerugo,0.6285,NA,NA,NA,NA
Byrsonima arthropoda,0.62,NA,NA,NA,NA
Byrsonima crassifolia,0.584,287.5,NA,NA,NA
Byrsonima crispa,0.58,373.2,1.480142467,0.67336662,NA
Byrsonima densa,0.62,379.75,NA,NA,NA
Byrsonima japurensis,0.62,NA,NA,NA,NA
Byrsonima laevigata,0.62,548.75,0.694520716,0.24340287,NA
Byrsonima spicata,0.609125,361.6,1,0.362639604,NA
Byrsonima stipulacea,0.709,397.4,0.7996002,0.297083285,NA
Byrsonima stipulina,NA,189,0.424914902,0.080312659,NA
Cabralea canjerana,0.4775,555.2,1.520259994,0.484762178,NA
Caesalpinia glabrata,0.95,NA,NA,NA,NA
Calatola costaricensis,0.5655,276.3,0.669713496,0.216153677,NA
Calliandra trinervia,0.82,516,NA,NA,NA
Callisthene fasciculata,0.73,359.1,0.519585962,NA,NA
Calophyllum angulare,0.6425,NA,NA,NA,NA
Calophyllum brasiliense,0.583153846,570.5,1.145,0.500637711,NA
Calycophyllum candidissimum,0.696666667,486.8,NA,NA,NA
Calycophyllum megistocaulum,NA,344.8,0.53200485,0.130019604,NA
Calycophyllum spruceanum,0.707,966.4,1.555,0.487391821,NA
Calyptranthes macrophylla,NA,256.35,0.323526795,0.103108336,NA
Calyptranthes speciosa,0.86,NA,NA,NA,NA
Campnosperma gummifera,0.44,NA,NA,NA,NA
Campsiandra angustifolia,0.9,380.75,0.617922206,0.141655933,NA
Capirona decorticans,0.593,334,0.64293915,0.194053461,1.311496115
Capparidastrum osmanthum,NA,330,0.804691384,0.152456834,NA
Caraipa densifolia,0.6406,364.3,0.8595,0.262247146,1.227058728
Caraipa grandifolia,0.78,336.6,0.666666667,0.187366915,NA
Caraipa myrcioides,NA,327.6,NA,NA,NA
Caraipa punctulata,0.6,NA,NA,NA,NA
Caraipa spuria,NA,257.25,NA,NA,NA
Caraipa tereticaulis,NA,311.2,0.549828179,0.165764478,NA
Caraipa utilis,NA,316.1,0.822785185,0.385063892,2.71905E-14
Caraipa valioi,NA,407.6,NA,NA,NA
Carapa guianensis,0.53,515.4,0.96003585,0.263448227,0.904075914
Carapa procera,0.574827273,455.9,0.681623713,0.223851006,0.643782726
Cardiopetalum calophyllum,0.5,NA,NA,NA,NA
Cariniana decandra,0.579666667,721.6,1.094031464,0.382014818,NA
Cariniana domestica,0.59,865.8,NA,NA,NA
Cariniana estrellensis,0.565,NA,NA,NA,NA
Cariniana micrantha,0.5866,1097.25,0.982439659,0.332984116,NA
Cariniana pyriformis,0.536666667,NA,NA,NA,NA
Carpotroche longifolia,0.45,NA,NA,NA,NA
Caryocar amygdaliferum,0.68,NA,NA,NA,NA
Caryocar glabrum,0.675833333,1089.8,1.006660949,0.261951604,0.379702088
Caryocar gracile,0.69,NA,NA,NA,NA
Caryocar microcarpum,0.6545,NA,NA,NA,NA
Caryocar nuciferum,0.689,NA,NA,NA,NA
Caryocar pallidum,0.84,935,1.172576383,0.316945276,NA
Caryocar villosum,0.758,1426.85,NA,NA,NA
Caryodaphnopsis fosteri,NA,893.8,NA,NA,NA
Caryodendron amazonicum,0.65,NA,NA,NA,NA
Caryodendron orinocense,NA,503.6,0.688679517,0.210894802,NA
Casearia aculeata,0.66,NA,NA,NA,NA
Casearia arborea,0.573666667,278.4,0.764478303,0.211384384,NA
Casearia combaymensis,NA,165.8,NA,NA,NA
Casearia decandra,0.6465,334.65,NA,NA,NA
Casearia fasciculata,NA,252.95,NA,NA,NA
Casearia gossypiosperma,NA,315.4,0.926088252,0.290844488,NA
Casearia grandiflora,0.77,NA,NA,NA,NA
Casearia javitensis,0.753,237.5,0.468706773,0.113885803,0.457641211
Casearia negrensis,0.52,NA,NA,NA,NA
Casearia pitumba,0.73,NA,NA,NA,NA
Casearia praecox,0.71,NA,NA,NA,NA
Casearia resinifera,NA,158.1,0.25,0.05882621,NA
Casearia sylvestris,0.673333333,265,1.07,0.217949977,1.957250644
Casearia uleana,NA,339.1,NA,NA,NA
Casearia ulmifolia,NA,373.5,0.939381012,0.351530622,NA
Cassia fastuosa,0.805,NA,NA,NA,NA
Cassipourea guianensis,0.82,240,NA,NA,NA
Cassipourea peruviana,NA,245.5,0.376083236,0.161356686,NA
Castilla elastica,0.5675,NA,NA,NA,NA
Castilla ulei,NA,579.5,1.03140661,0.26961073,0.675042551
Cathedra acuminata,NA,472.4,0.52167939,0.15237706,NA
Catostemma albuquerquei,0.69,NA,NA,NA,NA
Catostemma commune,0.5195,498.25,0.562967763,0.124469175,NA
Catostemma fragrans,0.57425,369.4,0.498132005,0.126839137,0.56085809
Cavanillesia hylogeiton,0.13,NA,NA,NA,NA
Cavanillesia platanifolia,0.36,NA,NA,NA,NA
Cavanillesia umbellata,0.165,NA,NA,NA,NA
Cecropia concolor,0.15,248,NA,NA,NA
Cecropia distachya,NA,320.6,1.833433194,0.600735262,4.341091116
Cecropia engleriana,0.49,322.9,2.26,0.719253588,NA
Cecropia ficifolia,0.266,330.3,1.962348348,0.634996492,NA
Cecropia herthae,NA,516,NA,NA,NA
Cecropia insignis,0.3175,NA,NA,NA,NA
Cecropia latiloba,0.33,NA,NA,NA,NA
Cecropia membranacea,0.33,588.8,3.010196163,1.049340418,NA
Cecropia obtusa,0.31,356.4,1.79571783,0.57595575,NA
Cecropia obtusifolia,0.345,240,NA,NA,NA
Cecropia palmata,NA,333,NA,NA,NA
Cecropia peltata,0.3,362.8,2.274051002,0.751665883,NA
Cecropia polystachya,NA,379.5,NA,NA,NA
Cecropia purpurascens,0.21,226.2,NA,NA,NA
Cecropia sciadophylla,0.378,520,3.23249009,1.112330513,2.60305469
Cedrela fissilis,0.436666667,696,NA,NA,NA
Cedrela odorata,0.426583333,942,1.896664007,0.545403885,NA
Cedrelinga cateniformis,0.5038,1451.25,2.427663521,0.724570183,NA
Ceiba chodatii,NA,919.3,NA,NA,NA
Ceiba insignis,0.285,NA,NA,NA,NA
Ceiba pentandra,0.261841737,1864,2.18427434,0.627626146,NA
Ceiba samauma,0.483333333,1090.8,2.300684569,0.503205028,NA
Celtis schippii,0.616,376.1,1.055856447,0.293495375,1.228364849
Cenostigma macrophyllum,NA,315,NA,NA,NA
Cenostigma tocantinum,NA,329,NA,NA,NA
Centrolobium paraense,0.711,NA,NA,NA,NA
Cespedesia spathulata,0.61325,458,NA,NA,NA
Chaetocarpus echinocarpus,NA,282.05,0.323888743,0.081371896,0.494583467
Chaetocarpus schomburgkianus,0.805,464.8,0.393042485,0.117003351,0.171433363
Chamaecrista adiantifolia,0.832,557,NA,NA,NA
Chamaecrista apoucouita,0.9235,422.1,0.53282913,0.197261099,NA
Chaunochiton kappleri,0.522,534.5,0.569945358,0.152309868,NA
Cheiloclinium cognatum,NA,186.55,0.235756385,0.068761385,1.592940795
Chimarrhis glabriflora,NA,617.95,NA,NA,NA
Chimarrhis hookeri,0.71,558.6,1.430558166,0.394923723,NA
Chimarrhis microcarpa,0.689,NA,NA,NA,NA
Chimarrhis turbinata,0.72,880.25,1.292565035,0.290507683,NA
Chlorocardium rodiei,0.862333333,779,0.525517078,0.175443455,0.093306421
Chlorocardium venenosum,NA,536.8,0.664609542,0.291124908,NA
Chomelia paniculata,0.62,NA,NA,NA,NA
Chomelia spinosa,0.53,NA,NA,NA,NA
Chromolucuma rubriflora,0.73,NA,NA,NA,NA
Chrysochlamys dependens,NA,258.2,NA,NA,NA
Chrysochlamys membranacea,NA,272,0.524037775,0.148759672,NA
Chrysochlamys ulei,NA,170.8,0.483647363,0.102474649,NA
Chrysochlamys weberbaueri,0.43,NA,NA,NA,NA
Chrysophyllum amazonicum,0.826,471.2,0.751985455,0.217758652,NA
Chrysophyllum argenteum,0.7835,392.25,0.73674863,0.148341957,0.536883407
Chrysophyllum bombycinum,NA,196.5,NA,NA,NA
Chrysophyllum cuneifolium,0.929,470.25,0.609570672,NA,NA
Chrysophyllum eximium,NA,610.05,0.363055183,0.107818549,NA
Chrysophyllum gonocarpum,NA,506.1,NA,NA,NA
Chrysophyllum lucentifolium,0.787,1111.7,1.900298149,0.331837356,NA
Chrysophyllum oliviforme,0.9,NA,NA,NA,NA
Chrysophyllum pomiferum,0.766,737.2,0.564700999,0.168925918,NA
Chrysophyllum prieurii,0.8614,535.45,0.505367297,0.1748682,0.042361524
Chrysophyllum sanguinolentum,0.6714,480.05,0.575171381,0.192148626,0.554381101
Chrysophyllum ucuquirana-branca,0.733,466.25,0.516558615,0.156017561,NA
Chrysophyllum venezuelanense,NA,540.2,0.647521871,0.186777007,0.537033097
Citharexylum macrophyllum,0.502,NA,NA,NA,NA
Citronella incarum,NA,250.9,0.771624144,NA,NA
Clarisia biflora,0.4975,626.8,1.207169419,0.306331066,0.863571995
Clarisia ilicifolia,NA,279.4,0.361666667,0.129827194,NA
Clarisia racemosa,0.585428571,746.65,1.225054492,0.319447268,0.526560387
Clathrotropis brachypetala,0.8085,240,NA,NA,NA
Clathrotropis glaucophylla,NA,337.8,NA,NA,NA
Clathrotropis macrocarpa,0.71,423.7,0.535928989,0.176974609,NA
Clusia fockeana,0.65,NA,NA,NA,NA
Clusia hammeliana,NA,208,0.196395171,0.091728692,NA
Clusia insignis,0.56,NA,NA,NA,NA
Clusia rosea,0.605,NA,NA,NA,NA
Coccoloba acuminata,0.58,NA,NA,NA,NA
Coccoloba caracasana,0.43,NA,NA,NA,NA
Coccoloba densifrons,0.58,468,0.69647511,0.168894666,NA
Coccoloba latifolia,0.58,NA,NA,NA,NA
Coccoloba lehmannii,0.58,210.8,NA,NA,NA
Coccoloba mollis,0.52,377.6,1.262834568,0.323143837,NA
Coccoloba padiformis,0.8,299.5,0.870610871,0.272241273,NA
Coccoloba uvifera,0.7,NA,NA,NA,NA
Cochlospermum orinocense,0.224,475.8,NA,NA,NA
Cochlospermum vitifolium,0.218333333,352.5,NA,NA,NA
Colubrina arborescens,0.7,217.8,0.455687571,0.112793116,NA
Colubrina elliptica,0.8,NA,NA,NA,NA
Colubrina glandulosa,0.648,NA,NA,NA,NA
Combretum leprosum,0.58,368.1,1.186356896,0.354745476,1.915399096
Compsoneura capitellata,NA,255.4,0.661526073,0.123994474,NA
Compsoneura sprucei,NA,356,NA,NA,NA
Conceveiba guianensis,0.54325,293,0.612072604,0.154146852,0.546248006
Conceveiba hostmannii,NA,439.2,0.568056505,0.167400621,NA
Conceveiba martiana,0.43,450,1.047619048,0.289175072,NA
Conceveiba rhytidocarpa,NA,348.2,1.130353342,0.199149918,NA
Connarus perrottetii,NA,284,NA,NA,NA
Copaifera duckei,0.62,NA,NA,NA,NA
Copaifera guyanensis,0.6175,NA,NA,NA,NA
Copaifera langsdorffii,0.6,NA,NA,NA,NA
Copaifera multijuga,0.642,NA,NA,NA,NA
Copaifera reticulata,0.6075,1070.1,1.351373391,0.527103947,NA
Cordia alliodora,0.487833333,461.65,1.289579373,0.375467187,NA
Cordia bicolor,0.475,296,0.598290598,0.280140939,NA
Cordia collococca,0.42,NA,NA,NA,NA
Cordia exaltata,0.3985,278.4,0.782687314,0.221269676,NA
Cordia fallax,0.3735,NA,NA,NA,NA
Cordia goeldiana,0.498,NA,NA,NA,NA
Cordia hebeclada,NA,387.6,NA,NA,NA
Cordia laevifrons,0.33,307.7,NA,NA,NA
Cordia lasiocalyx,0.397,NA,NA,NA,NA
Cordia lomatoloba,0.41,281.6,NA,NA,NA
Cordia mexiana,NA,499.25,NA,NA,NA
Cordia nodosa,0.39,185.9,0.443491571,0.125562591,NA
Cordia sagotii,0.409,271,0.739846286,0.160144221,NA
Cordia scabrifolia,0.474,NA,NA,NA,NA
Cordia sebestena,0.7,NA,NA,NA,NA
Cordia sellowiana,NA,351.45,NA,NA,NA
Cordia sericicalyx,0.387,265.7,NA,NA,NA
Cordia tetrandra,0.345,NA,NA,NA,NA
Cordia trichotoma,0.56,NA,NA,NA,NA
Cordia ucayaliensis,0.41,291.8,0.595585241,0.115837374,NA
Corythophora alta,0.713666667,490.8,0.599400599,0.148660057,0.295299133
Corythophora labriculata,NA,177,NA,NA,NA
Corythophora rimosa,0.795666667,523.75,0.447105685,0.121670184,NA
Couepia bracteosa,0.77,440.1,0.39210197,0.147916254,NA
Couepia caryophylloides,0.77,499.6,0.513213479,0.175494828,0.241951851
Couepia elata,0.769,NA,NA,NA,NA
Couepia excelsa,NA,365.7,0.445591821,0.159511324,NA
Couepia guianensis,0.7552,438.75,0.471682948,0.135289444,0.540424394
Couepia habrantha,NA,416,0.536902308,0.217858016,NA
Couepia latifolia,NA,540,NA,NA,NA
Couepia longipendula,0.938,410.5,0.360206309,0.127379749,NA
Couepia paraensis,0.85,NA,NA,NA,NA
Couepia robusta,0.83,NA,NA,NA,NA
Couepia ulei,0.7895,NA,NA,NA,NA
Couepia williamsii,NA,271.45,NA,NA,NA
Couma guianensis,0.466666667,524.7,0.625084867,0.230961628,NA
Couma macrocarpa,0.4948,538,0.724506705,0.236640285,NA
Couma utilis,NA,344.9,NA,NA,NA
Couratari guianensis,0.507125,837.4,0.871292107,0.204671326,0.098207836
Couratari longipedicellata,0.54,NA,NA,NA,NA
Couratari macrosperma,0.67,1096.9,0.586572405,0.193393412,NA
Couratari multiflora,0.448,613,0.715664044,0.172615498,0.081545011
Couratari oblongifolia,0.505,951.45,1.693567961,0.290290877,NA
Couratari stellata,0.633142857,688.4,0.549668493,0.125723579,NA
Couratari tauari,0.555,NA,NA,NA,NA
Couroupita guianensis,0.434,562.45,NA,NA,NA
Coussapoa asperifolia,0.4515,NA,NA,NA,NA
Coussapoa orthoneura,NA,861,NA,NA,NA
Coussapoa trinervia,NA,566.3,NA,NA,NA
Coussapoa villosa,NA,1000,NA,NA,NA
Coussarea albescens,NA,154,0.144466917,0.04570256,NA
Coussarea ampla,0.476,NA,NA,NA,NA
Coussarea racemosa,0.65,NA,NA,NA,NA
Coutarea hexandra,0.6,182.7,0.817941953,0.287174655,NA
Crateva tapia,0.5102,NA,NA,NA,NA
Crepidospermum goudotianum,NA,298.3,0.60052604,0.20207421,NA
Crepidospermum rhoifolium,0.5785,212.2,0.42566828,0.150960751,NA
Crescentia cujete,0.634,NA,NA,NA,NA
Croton cuneatus,0.41,NA,NA,NA,NA
Croton matourensis,0.388333333,553,1.923378596,0.881058496,NA
Croton schiedeanus,NA,212.25,NA,NA,NA
Croton tessmannii,0.39,317.7,1.247324586,0.344723571,NA
Croton tricolor,NA,334.2,NA,NA,NA
Crudia aromatica,0.93,378.6,NA,NA,NA
Crudia glaberrima,0.785,302.05,0.762795412,0.160381384,NA
Cupania americana,0.565,NA,NA,NA,NA
Cupania cinerea,0.5,439.25,1.795,0.553955507,NA
Cupania scrobiculata,0.628,244.3,0.599099099,0.19987057,1.00083526
Curatella americana,0.65,NA,NA,NA,NA
Cybianthus fulvopulverulentus,0.5925,NA,NA,NA,NA
Cybianthus nestorii,NA,214.2,0.438638543,0.093917625,NA
Cynometra longicuspis,NA,439,0.392029384,0.112858525,NA
Cynometra spruceana,NA,523.4,0.693192533,0.211859339,NA
Cyrillopsis paraensis,NA,496.1,0.987505424,0.27503781,NA
Dacryodes belemensis,0.52,NA,NA,NA,NA
Dacryodes cuspidata,NA,329.6,0.742854072,0.184945763,NA
Dacryodes excelsa,0.48,NA,NA,NA,NA
Dacryodes microcarpa,NA,529.3,0.616614143,0.2914395,NA
Dacryodes nitens,0.49,332.85,0.574038925,0.155290516,NA
Dacryodes peruviana,0.53,310.85,0.901413233,0.181776084,NA
Dendrobangia boliviana,0.635333333,384,0.751108329,0.196450984,0.413154168
Dendropanax arboreus,0.419833333,330.25,0.953677586,0.236004362,NA
Dendropanax resinosus,NA,168.45,NA,NA,NA
Dendropanax umbellatus,NA,168,0.31964165,0.096689421,NA
Dialium guianense,0.87775,505.55,0.921137287,0.235513676,0.387064237
Diclinanona calycina,0.47,NA,NA,NA,NA
Diclinanona tessmannii,NA,267,0.414828437,0.126517998,NA
Dicorynia guianensis,0.605777778,798.35,1.12048737,0.316741658,0.263548617
Dicymbe altsonii,0.758,967.65,1.085418077,0.353532357,0.438522601
Dicymbe uaiparuensis,NA,251.5,0.52706048,0.203505946,NA
Dicypellium manausense,NA,496,0.632465017,0.189765012,NA
Didymocistus chrysadenius,NA,270.5,0.788751715,0.29641617,NA
Dimorphandra macrostachya,0.6,NA,NA,NA,NA
Dimorphandra parviflora,1,NA,NA,NA,NA
Dinizia excelsa,0.939333333,1650.3,NA,NA,NA
Diospyros artanthifolia,NA,282.7,0.602569822,0.148401398,NA
Diospyros capreifolia,0.73,285.35,0.763898253,0.137672789,NA
Diospyros carbonaria,0.73,315.5,0.296775761,0.07723767,NA
Diospyros cayennensis,0.46,NA,NA,NA,NA
Diospyros dichroa,0.53,NA,NA,NA,NA
Diospyros duckei,NA,209.65,NA,NA,NA
Diospyros guianensis,0.73,365.5,0.45751634,0.232853856,NA
Diospyros poeppigiana,0.6,287.3,0.376676987,0.139997207,NA
Diospyros pseudoxylopia,NA,323.9,NA,NA,NA
Diospyros tetandra,NA,252.4,NA,NA,NA
Diospyros tetrandra,NA,336,NA,NA,NA
Diospyros vestita,NA,388.6,NA,NA,NA
Diploon cuspidatum,0.85,321.6,0.629766041,0.095175454,NA
Diplotropis martiusii,0.633333333,NA,NA,NA,NA
Diplotropis purpurea,0.778666667,505,0.771090664,0.25904304,0.541103749
Dipteryx alata,0.936666667,923.1,NA,NA,NA
Dipteryx ferrea,0.84,NA,NA,NA,NA
Dipteryx magnifica,NA,826.4,0.972309495,0.182995415,NA
Dipteryx micrantha,0.871,1228.55,1.699678788,NA,NA
Dipteryx odorata,0.92275,1023.2,1.099115594,0.232260423,NA
Dipteryx oleifera,0.848333333,NA,NA,NA,NA
Dipteryx polyphylla,0.885666667,NA,NA,NA,NA
Dipteryx punctata,0.92,NA,NA,NA,NA
Discophora guianensis,0.56,304.3,NA,NA,NA
Dodecastigma integrifolium,NA,163.55,0.457264957,0.115417057,NA
Drypetes amazonica,0.67,339.25,0.671651887,0.189245562,1.040641058
Drypetes fanshawei,NA,254.4,0.415895556,0.113646886,0.358850547
Drypetes variabilis,0.736666667,454.5,0.450368982,0.121811333,0.328561662
Duckeodendron cestroides,0.634333333,1058.25,1.334120776,0.229309026,NA
Duckesia verrucosa,0.818,NA,NA,NA,NA
Duguetia calycina,0.37,145.25,0.11005978,0.028555085,NA
Duguetia chrysea,0.845,298.6,0.342513722,0.115186789,NA
Duguetia echinophora,NA,274,0.3367667,0.11095741,NA
Duguetia flagellaris,NA,259.8,0.358344358,0.110918729,NA
Duguetia lepidota,NA,243.6,NA,NA,NA
Duguetia manausensis,NA,202.8,0.240192154,0.045297718,NA
Duguetia marcgraviana,NA,242.65,NA,NA,NA
Duguetia megalocarpa,0.91,283,NA,NA,NA
Duguetia quitarensis,0.8,192,0.525932813,0.127220556,NA
Duguetia spixiana,0.58,216,0.514333245,0.102913898,1.283773454
Duguetia stelechantha,0.849,144.3,0.185235407,0.037601414,NA
Duguetia surinamensis,0.8,288.55,0.39606183,0.09275885,NA
Dulacia guianensis,0.569,NA,NA,NA,NA
Duroia aquatica,0.785,231,0.23427457,0.091486232,NA
Duroia eriopila,0.796,186.3,0.398184064,0.069494578,NA
Duroia fusifera,0.672,NA,NA,NA,NA
Duroia hirsuta,0.77,NA,NA,NA,NA
Duroia longiflora,NA,310.7,0.379907134,0.117446005,NA
Duroia macrophylla,NA,195.6,NA,NA,NA
Duroia micrantha,0.8,NA,NA,NA,NA
Duroia prancei,NA,235.45,NA,NA,NA
Duroia saccifera,NA,162.75,NA,NA,NA
Dussia discolor,0.550333333,NA,NA,NA,NA
Dussia lehmannii,0.59,NA,NA,NA,NA
Dussia macroprophyllata,0.563,NA,NA,NA,NA
Dussia tessmannii,NA,764.7,0.957065225,0.307966871,NA
Ecclinusa guianensis,0.627428571,491.75,0.549574114,0.137134303,0.418952192
Ecclinusa lanceolata,0.58,322.25,0.346700789,0.086160258,NA
Ecclinusa ramiflora,NA,280.8,0.370440097,0.13446812,NA
Elaeoluma glabrescens,NA,365.4,NA,NA,NA
Elizabetha princeps,NA,336.2,NA,NA,NA
Elvasia elvasioides,0.73,180.45,NA,NA,NA
Emmotum fagifolium,0.7265,789,NA,NA,NA
Emmotum floribundum,NA,451,0.71667463,0.3249119,NA
Endlicheria bracteata,NA,217.4,NA,NA,NA
Endlicheria cocuirey,0.4535,NA,NA,NA,NA
Endlicheria formosa,0.421,399.2,1.326801172,0.326867075,NA
Endlicheria multiflora,0.47,NA,NA,NA,NA
Endlicheria paniculata,0.682,NA,NA,NA,NA
Endlicheria ruforamula,NA,346.1,0.766773163,0.267426171,NA
Endlicheria sericea,0.47,241.5,NA,NA,NA
Endlicheria williamsii,0.47,NA,NA,NA,NA
Endopleura uchi,0.771833333,575.2,0.770354584,0.265596006,NA
Enterolobium contortisiliquum,0.41,NA,NA,NA,NA
Enterolobium cyclocarpum,0.39,NA,NA,NA,NA
Enterolobium maximum,0.406666667,NA,NA,NA,NA
Enterolobium schomburgkii,0.7007,842,1.596840383,0.503734834,NA
Eperua bijuga,0.729,398.7,0.644385599,0.15325187,0.137906241
Eperua duckeana,0.791,NA,NA,NA,NA
Eperua falcata,0.718571429,620.4,0.544751784,0.16233656,0.213365057
Eperua glabriflora,0.759,507.8,0.514793003,0.148174069,0.487444894
Eperua grandiflora,0.704,686.9,0.638452396,0.230970772,0.226235776
Eperua leucantha,NA,303.4,0.227655987,0.084573294,0.660940986
Eperua purpurea,NA,726,0.578132971,0.27009744,NA
Eperua rubiginosa,0.745,781.75,0.694087665,0.225900958,0.400669969
Eperua schomburgkiana,NA,401.2,0.4225,0.128878053,NA
Ephedranthus amazonicus,0.816,189.1,0.303381768,0.047593822,NA
Ephedranthus guianensis,NA,224.4,NA,NA,NA
Ephedranthus parviflorus,NA,277,0.502897581,0.140174914,2.190854057
Eriotheca globosa,0.41,513,1.06990492,0.241281935,0.411133774
Eriotheca longipedicellata,0.483333333,NA,NA,NA,NA
Eriotheca longitubulosa,NA,546.2,1.165507788,0.297978944,NA
Eriotheca macrophylla,NA,588,NA,NA,NA
Erisma bicolor,NA,588.95,1.131276704,0.269742333,NA
Erisma calcaratum,0.68,NA,NA,NA,NA
Erisma fuscum,0.56,NA,NA,NA,NA
Erisma uncinatum,0.523083333,876.3,1.648927109,0.432576654,0.501581805
Erythrina edulis,0.22,NA,NA,NA,NA
Erythrina fusca,0.274666667,NA,NA,NA,NA
Erythrina poeppigiana,0.2,NA,NA,NA,NA
Erythrina ulei,0.111,NA,NA,NA,NA
Erythroxylum anguifugum,NA,329.5,NA,NA,NA
Erythroxylum citrifolium,0.71,210,NA,NA,NA
Erythroxylum macrophyllum,0.71,236,0.574712644,0.190944355,NA
Erythroxylum squamatum,0.71,NA,NA,NA,NA
Eschweilera alata,0.964,NA,NA,NA,NA
Eschweilera albiflora,0.86,393.65,0.891600188,0.176258997,NA
Eschweilera amazonica,0.9,360,0.3,0.118514754,NA
Eschweilera amazoniciformis,0.823,495.9,0.302675865,0.11040316,NA
Eschweilera andina,NA,388.8,NA,NA,NA
Eschweilera apiculata,NA,507,NA,NA,NA
Eschweilera atropetiolata,0.753,599.1,0.491359669,0.11422494,0.512925135
Eschweilera bracteosa,NA,307.6,0.560778492,0.147280801,0.56636299
Eschweilera carinata,0.782,NA,NA,NA,NA
Eschweilera chartaceifolia,NA,273.25,0.282376325,0.081030621,NA
Eschweilera collina,0.7785,444.7,0.430501776,0.117331854,0.419033273
Eschweilera congestiflora,0.86,430.6,0.367704056,0.108274412,NA
Eschweilera coriacea,0.852083333,468,0.696987147,0.17533809,0.298861359
Eschweilera cyathiformis,NA,662.9,0.693552716,0.174262116,0.355800973
Eschweilera decolorans,NA,447.2,0.478484945,0.119761703,0.239335151
Eschweilera gigantea,0.78,556.5,0.805567321,0.199570712,NA
Eschweilera grandiflora,0.876,387.45,0.5,0.127031724,0.354551295
Eschweilera itayensis,NA,506.75,0.613616513,0.161266843,NA
Eschweilera juruensis,0.96,NA,NA,NA,NA
Eschweilera laevicarpa,NA,416.75,NA,NA,NA
Eschweilera micrantha,0.86,498.95,0.465321851,0.124398084,0.280352939
Eschweilera ovalifolia,NA,362.8,NA,NA,NA
Eschweilera ovata,0.9,381.3,0.571035432,0.179512665,NA
Eschweilera parviflora,0.918,472.25,0.398089575,0.112072705,NA
Eschweilera parvifolia,0.86,334.4,0.459379552,0.114082532,NA
Eschweilera pedicellata,0.908666667,401.95,0.329654991,0.104905107,0.067953031
Eschweilera pittieri,0.86,NA,NA,NA,NA
Eschweilera pseudodecolorans,NA,637.6,0.518606606,0.144411833,0.338147276
Eschweilera punctata,NA,309.5,0.426969328,0.163765583,NA
Eschweilera rankiniae,NA,512.7,0.438597545,0.094001467,NA
Eschweilera rodriguesiana,0.762,NA,NA,NA,NA
Eschweilera romeu-cardosoi,NA,338.1,0.510076939,0.122497329,0.505271052
Eschweilera rufifolia,NA,294.3,0.41184955,0.100973634,NA
Eschweilera sagotiana,0.8,505.55,0.485436893,0.128347028,0.142465444
Eschweilera simiorum,0.86,223.45,0.236053586,0.051365805,NA
Eschweilera subglandulosa,0.857,435.8,0.556168791,0.148607325,NA
Eschweilera tenuifolia,0.77,NA,NA,NA,NA
Eschweilera tessmannii,0.789,368.75,0.579483164,0.155698413,0.649045993
Eschweilera truncata,NA,373.25,0.426286639,0.108555444,0.470738195
Eschweilera wachenheimii,0.8055,315.7,0.407869488,0.090287589,0.417637596
Esenbeckia amazonica,NA,211.1,NA,NA,NA
Etaballia dubia,0.92,NA,NA,NA,NA
Eugenia anastomosans,0.77,NA,NA,NA,NA
Eugenia biflora,0.8,NA,NA,NA,NA
Eugenia citrifolia,0.664,289.2,0.2638751,0.077086019,NA
Eugenia coffeifolia,0.757,201.4,0.295328001,0.050791477,NA
Eugenia discreta,NA,220,NA,NA,NA
Eugenia feijoi,0.789,198.2,0.674608539,0.149428352,NA
Eugenia florida,0.587,204,0.596835225,0.166899759,NA
Eugenia lambertiana,NA,241.55,0.50532933,0.106962306,NA
Eugenia patrisii,0.8305,228.6,0.650373932,0.121877582,NA
Eugenia pseudopsidium,0.8685,211.9,0.272070174,0.065283701,NA
Eugenia tetramera,NA,293.25,0.202968413,0.069603884,NA
Eugenia venezuelensis,0.82,NA,NA,NA,NA
Eugenia wullschlaegeliana,0.792,NA,NA,NA,NA
Euphronia hirtelloides,0.62,NA,NA,NA,NA
Euplassa pinnata,0.52,NA,NA,NA,NA
Euterpe catinga,NA,180,NA,NA,NA
Euterpe oleracea,NA,185,NA,NA,3.092819477
Euterpe precatoria,0.387666667,182,NA,NA,2.928408383
Euxylophora paraensis,0.656,NA,NA,NA,NA
Faramea occidentalis,0.584,NA,NA,NA,NA
Ferdinandusa chlorantha,NA,236.6,NA,NA,NA
Ferdinandusa elliptica,0.65,NA,NA,NA,NA
Ferdinandusa rudgeoides,0.8,379.8,NA,NA,NA
Ficus americana,0.4,1113.05,NA,NA,NA
Ficus citrifolia,0.4,NA,NA,NA,NA
Ficus coerulescens,0.365,1164.9,3.575330066,1.109048334,NA
Ficus eximia,0.39,NA,NA,NA,NA
Ficus gomelleira,NA,1630.9,5.292764228,1.853469913,NA
Ficus hartwegii,0.39,NA,NA,NA,NA
Ficus insipida,0.376555556,1448,2.363896848,0.780206743,NA
Ficus maxima,0.3605,672.5,2.316227316,0.650477968,NA
Ficus nymphaeifolia,0.415,NA,NA,NA,NA
Ficus pertusa,0.42,NA,NA,NA,NA
Ficus trigona,NA,1845,NA,NA,NA
Ficus trigonata,0.43,NA,NA,NA,NA
Fissicalyx fendleri,NA,357,0.645041058,0.23469625,NA
Fusaea longifolia,0.742666667,239.15,0.44955045,0.094226948,0.946418204
Galipea trifoliata,NA,234.8,0.549163418,0.144634596,NA
Gallesia integrifolia,0.48,1460.6,2.180622433,0.495816582,NA
Garcinia gardneriana,NA,373,NA,NA,NA
Garcinia macrophylla,0.67,318.7,0.730386601,0.205966529,NA
Garcinia madruno,0.726666667,308.7,0.640886573,0.156313456,0.713296897
Gavarretia terminalis,0.65,NA,NA,NA,NA
Geissospermum argenteum,NA,629.4,0.650203897,0.115339823,0.144681306
Geissospermum reticulatum,NA,601,0.494310284,0.112581318,NA
Geissospermum sericeum,0.782333333,602.75,0.443382393,0.142061219,0.114282674
Geissospermum urceolatum,NA,507.4,0.480384307,0.151957391,NA
Genipa americana,0.6404,421.9,2.4,0.810114731,NA
Geoffroea spinosa,0.75,210,1.07,0.425,NA
Gliricidia sepium,0.628333333,323,1.181898067,0.291188585,NA
Glycydendron amazonicum,0.68075,542.3,0.890933216,0.193453948,0.412759612
Godmania aesculifolia,0.52,NA,NA,NA,NA
Goethalsia meiantha,0.3494,NA,NA,NA,NA
Goupia glabra,0.7271875,849.85,1.154935996,0.296833517,0.285593145
Grias neuberthii,0.62,275.55,0.429857238,0.072740899,NA
Grias peruviana,0.62,NA,NA,NA,NA
Guapira cuspidata,0.492333333,NA,NA,NA,NA
Guarea carinata,NA,357.25,0.274463424,0.076897963,NA
Guarea convergens,NA,370.95,0.57265442,0.129338072,NA
Guarea glabra,0.503,388.8,0.468579017,0.119010294,NA
Guarea gomma,0.65,412.5,0.68938834,0.17291954,NA
Guarea guidonia,0.543444444,526.4,0.995110345,0.246180482,2.033644745
Guarea humaitensis,0.7645,214.8,0.228545778,0.051403187,NA
Guarea kunthiana,0.5754,412,0.795759911,0.209891131,1.364713808
Guarea macrophylla,0.645,270,0.689496828,0.147337215,1.14750161
Guarea pterorhachis,0.77,242.05,0.638851751,0.17707135,1.223704345
Guarea pubescens,0.5305,262.5,0.452377399,0.133063064,NA
Guarea purusana,0.77,444.75,0.793558707,0.259763026,NA
Guarea scabra,0.74,237,NA,NA,NA
Guarea silvatica,NA,438.8,0.427350427,0.128718013,1.694431352
Guarea trunciflora,NA,229.2,0.600015105,NA,NA
Guatteria acutissima,0.45,782.35,2.269364533,0.474378682,NA
Guatteria amplifolia,0.511,NA,NA,NA,NA
Guatteria cargadero,0.52,NA,NA,NA,NA
Guatteria decurrens,0.52,NA,NA,NA,NA
Guatteria elata,NA,392.5,1.595280083,0.602897611,NA
Guatteria guentheri,NA,425.25,NA,NA,NA
Guatteria guianensis,NA,179.2,NA,NA,NA
Guatteria hirsuta,NA,515.35,1.595930638,0.685572874,NA
Guatteria megalophylla,NA,193.7,0.499379399,0.111622379,NA
Guatteria olivacea,0.455666667,318.9,1.41089816,0.388191644,2.316049406
Guatteria poeppigiana,NA,370.25,1.031144398,0.331443931,NA
Guatteria procera,0.65,NA,NA,NA,NA
Guatteria pteropus,NA,422.6,1.886321158,0.633818189,NA
Guatteria punctata,NA,297.4,NA,NA,NA
Guatteria puncticulata,0.54,NA,NA,NA,NA
Guatteria schomburgkiana,0.6,430.8,1.010107721,0.431644421,NA
Guatteria scytophylla,0.515,409.5,1.509018401,0.632494496,NA
Guazuma crinita,0.44,530.2,NA,NA,NA
Guazuma ulmifolia,0.484666667,402.2,1.46469362,0.397114972,2.482150062
Gustavia acuminata,NA,221.45,NA,NA,NA
Gustavia augusta,0.65,238.4,0.205338526,0.073548022,NA
Gustavia elliptica,0.669,236.2,0.249898154,0.065301375,NA
Gustavia gigantophylla,NA,286.2,NA,NA,NA
Gustavia hexapetala,0.716,233,0.274488999,0.075354228,0.379391693
Gustavia longifolia,0.67,225.95,0.354875642,0.078090074,NA
Gustavia macarenensis,0.67,NA,NA,NA,NA
Gustavia pulchra,NA,260.85,NA,NA,NA
Gustavia speciosa,0.515,NA,NA,NA,NA
Gustavia superba,0.58,NA,NA,NA,NA
Gymnanthes lucida,1.1,NA,NA,NA,NA
Gyrocarpus americanus,0.237,NA,NA,NA,NA
Haploclathra cordata,NA,362.5,0.334448161,0.160193804,NA
Haploclathra paniculata,0.82,NA,NA,NA,NA
Hasseltia floribunda,0.53,327.3,0.95104447,0.304786163,NA
Haydenia urbaniana,NA,195.15,0.471107208,0.156166253,NA
Hebepetalum humiriifolium,0.8705,369.75,0.662046527,0.214107169,0.35222482
Heisteria acuminata,NA,299.2,0.48838167,0.15689937,NA
Heisteria barbata,NA,273.6,0.328130465,NA,NA
Heisteria cauliflora,0.73,NA,NA,NA,NA
Heisteria concinna,0.64,NA,NA,NA,NA
Heisteria densifrons,0.65,243,NA,NA,NA
Heisteria laxiflora,NA,319,0.278422274,0.072412923,NA
Heisteria nitida,NA,449.5,0.88996002,0.220934388,NA
Heisteria ovata,0.54,416.75,0.649361941,0.159876819,NA
Heisteria spruceana,0.73,NA,NA,NA,NA
Helianthostylis sprucei,0.6275,170.05,0.325395446,0.052362766,NA
Helicostylis elegans,0.65,NA,NA,NA,NA
Helicostylis pedunculata,0.675,381.7,0.697050118,0.149310145,NA
Helicostylis scabra,0.735,500.8,0.832036443,0.269774951,NA
Helicostylis tomentosa,0.6265,375.5,0.593783313,0.172178876,0.751554963
Heliocarpus americanus,0.195,NA,NA,NA,NA
Henriettella caudata,0.5,NA,NA,NA,NA
Henriettella flavescens,NA,159,0.332383666,0.08531457,NA
Heterostemon conjugatus,NA,246.75,0.230908791,0.072717483,NA
Heterostemon mimosoides,0.6,NA,NA,NA,NA
Hevea benthamiana,NA,299.4,0.232953579,0.128916866,NA
Hevea brasiliensis,0.441083334,589.5,1.187335092,0.443012224,0.513615669
Hevea guianensis,0.571,463.6,0.642378427,0.152997498,0.343889697
Hevea nitida,0.54,341.6,NA,NA,NA
Hevea pauciflora,0.46,356,NA,NA,NA
Hieronyma alchorneoides,NA,697.9,1.033891146,0.402358476,NA
Hieronyma oblonga,NA,483.7,0.885242449,0.260272989,NA
Himatanthus articulatus,0.53625,388.4,NA,NA,NA
Himatanthus attenuatus,0.48,NA,NA,NA,NA
Himatanthus bracteatus,0.53,NA,NA,NA,NA
Himatanthus sucuuba,0.462,403.9,0.889947489,0.275688354,NA
Hippotis albiflora,NA,278.5,1.014276966,NA,NA
Hirtella bicornis,0.9,335.5,0.441519798,0.137538669,0.730057696
Hirtella bullata,0.49,NA,NA,NA,NA
Hirtella davisii,0.804,NA,NA,NA,NA
Hirtella excelsa,NA,390.2,0.662184438,0.209645014,NA
Hirtella glandulosa,0.92,449.05,0.424189762,0.150160474,NA
Hirtella gracilipes,NA,323,NA,NA,NA
Hirtella hispidula,NA,196,NA,NA,NA
Hirtella lightioides,NA,510,0.696333333,0.175743059,NA
Hirtella pilosissima,0.88,NA,NA,NA,NA
Hirtella piresii,NA,200,NA,NA,NA
Hirtella racemosa,0.781666667,265.35,0.462596538,0.132586731,NA
Hirtella rodriguesii,NA,188.5,0.369656187,0.083357544,NA
Hirtella triandra,0.68275,224.8,1.15942029,0.22532227,NA
Hortia longifolia,0.9,NA,NA,NA,NA
Huberodendron patinoi,0.5,NA,NA,NA,NA
Huberodendron swietenioides,0.5635,871.75,NA,NA,NA
Huertea glandulosa,0.4285,625,1.729415735,0.608120647,NA
Humiria balsamifera,0.730615385,765,NA,NA,NA
Humiriastrum colombianum,0.69,NA,NA,NA,NA
Humiriastrum cuspidatum,0.721,NA,NA,NA,NA
Humiriastrum excelsum,0.75,515,NA,NA,NA
Humiriastrum procerum,0.608,NA,NA,NA,NA
Hura crepitans,0.369583333,1233.8,1.399650175,0.371922003,1.08765326
Hydrochorea corymbosa,0.47,469,NA,NA,NA
Hydrochorea gonggrijpii,0.58,NA,NA,NA,NA
Hymenaea courbaril,0.685766667,935.15,1.258797654,0.452768328,NA
Hymenaea intermedia,0.82,NA,NA,NA,NA
Hymenaea oblongifolia,0.736666667,649.4,0.879855414,0.377901899,NA
Hymenaea parvifolia,0.8774,779.6,1.208226221,0.267413259,NA
Hymenaea reticulata,NA,242,NA,NA,NA
Hymenolobium excelsum,0.52,NA,NA,NA,NA
Hymenolobium flavum,0.68725,NA,NA,NA,NA
Hymenolobium heterocarpum,NA,402.4,NA,NA,NA
Hymenolobium modestum,0.6705,NA,NA,NA,NA
Hymenolobium nitidum,0.55,472.3,0.972126502,0.343884647,NA
Hymenolobium petraeum,0.7125,705.2,NA,NA,NA
Hymenolobium pulcherrimum,0.635,NA,NA,NA,NA
Ilex martiniana,0.542,NA,NA,NA,NA
Ilex nayana,NA,266,0.376087434,0.155730195,NA
Inga acreana,NA,519.75,1.314187675,0.456427451,NA
Inga acrocephala,0.5125,325.9,1.52474467,0.425058513,NA
Inga acuminata,NA,250,NA,NA,NA
Inga alba,0.586111111,663.1,2.189386118,0.613911698,1.979562945
Inga auristellae,NA,282,1.215379009,0.323484212,NA
Inga bourgonii,0.545,336,2.032404598,0.518403854,NA
Inga brachyrhachis,NA,320.15,NA,NA,NA
Inga capitata,0.592333333,368,1.152443198,0.312982185,1.720600241
Inga cayennensis,0.53,250.5,0.743945179,0.190676374,NA
Inga chartacea,0.512333333,413.5,1.996634691,0.580123752,NA
Inga cinnamomea,0.528,350.15,0.824320528,0.236367954,NA
Inga cordatoalata,NA,312.3,NA,NA,NA
Inga coruscans,0.72,448.15,1.729069573,0.476228776,NA
Inga cylindrica,NA,587.3,1.775515471,0.591779448,NA
Inga graciliflora,0.5335,NA,NA,NA,NA
Inga gracilifolia,NA,460.5,0.59478673,0.182770604,NA
Inga heterophylla,0.56,313.25,1.055915527,0.348585308,NA
Inga huberi,0.53,500.2,1.126765004,0.275414983,NA
Inga ingoides,0.495,297.3,NA,NA,NA
Inga lateriflora,0.562333333,343.8,NA,NA,NA
Inga laurina,0.62,476.6,1.772141736,0.538842689,NA
Inga leiocalycina,0.56,600,1.153189078,0.338003403,NA
Inga macrophylla,NA,312.65,NA,NA,NA
Inga marginata,0.5518,337.8,1.686043595,0.444838762,NA
Inga melinonis,0.54,NA,NA,NA,NA
Inga micradenia,NA,397.4,NA,NA,NA
Inga multinervis,NA,447.35,1.313305766,0.465160376,NA
Inga neblinensis,NA,281.2,NA,NA,NA
Inga nobilis,0.56,333.75,0.771971496,0.281847775,NA
Inga oerstediana,0.425,475.4,NA,NA,NA
Inga paraensis,0.82,385.4,1.212393114,0.417044029,1.286591379
Inga pezizifera,0.6065,432.7,1.95573945,0.551234127,NA
Inga psittacorum,NA,238.15,NA,NA,NA
Inga punctata,0.56,477.6,1.461259772,0.459411703,NA
Inga rubiginosa,0.662333333,361.35,1.310206118,0.387251501,1.331714656
Inga ruiziana,NA,349.6,1.591950543,0.408415505,NA
Inga sapindoides,NA,282.7,NA,NA,NA
Inga semialata,0.6,390.9,1.800059799,0.552585473,NA
Inga sertulifera,0.65,395,1.68252889,0.422966581,NA
Inga spectabilis,NA,544.7,NA,NA,NA
Inga splendens,0.6,357,3.234411022,0.813452235,NA
Inga stenoptera,NA,292.15,NA,NA,NA
Inga stipularis,0.53,307.65,0.900015453,0.27337328,NA
Inga tenuistipula,NA,333.3,0.919861314,0.300959575,NA
Inga thibaudiana,NA,290.45,1.654704826,0.515925617,3.411581093
Inga umbellifera,0.724,304.5,0.882481473,0.268461418,NA
Inga umbratica,NA,201.6,0.465918058,0.152141831,NA
Inga vera,0.575,NA,NA,NA,NA
Inga ynga,NA,372.6,2.714374293,0.762768986,4.318847868
Iriartea deltoidea,0.267,310,NA,NA,1.264852036
Iryanthera crassifolia,NA,176,0.258743676,0.050916898,NA
Iryanthera elliptica,NA,335.4,0.670983025,0.216528591,NA
Iryanthera grandis,0.63,NA,NA,NA,NA
Iryanthera hostmannii,0.575,225,0.307818588,0.075851138,0.258054653
Iryanthera juruensis,0.633333333,285,0.59336518,0.132273592,1.010796338
Iryanthera laevis,0.615,326.55,0.721199963,0.186799765,1.233480027
Iryanthera lancifolia,0.504,364.6,0.623120847,0.166569526,NA
Iryanthera macrophylla,NA,254.6,0.336778857,0.071166364,NA
Iryanthera obovata,NA,355,NA,NA,NA
Iryanthera olacoides,NA,297.05,0.837563452,0.255995357,NA
Iryanthera paradoxa,NA,331.5,NA,NA,NA
Iryanthera paraensis,0.65,244.2,0.476321174,0.114730035,1.075988487
Iryanthera polyneura,NA,252.1,0.235745149,0.08384344,NA
Iryanthera sagotiana,0.572,364,0.464330941,0.142359537,0.226290325
Iryanthera tricornis,0.673333333,357.8,0.441434464,0.153565777,NA
Iryanthera ulei,0.6185,420,0.340110846,0.08334762,NA
Isertia coccinea,0.52,NA,NA,NA,NA
Isertia hypoleuca,0.52,NA,NA,NA,NA
Isertia laevis,0.52,NA,NA,NA,NA
Jacaranda copaia,0.350666667,567,1.406187224,0.427759622,1.064617636
Jacaranda macrocarpa,NA,169.1,NA,NA,NA
Jacaranda obtusifolia,0.48275,412.1,NA,NA,NA
Jacaratia digitata,0.265,554.8,3.515806773,0.882866219,3.130021985
Jacaratia spinosa,NA,601,1.947546435,0.617737427,NA
Klarobelia lucida,NA,205.45,NA,NA,NA
Lacistema aggregatum,0.5055,256.8,0.671154905,0.171314166,2.536312829
Lacistema grandifolium,0.517,NA,NA,NA,NA
Lacmellea aculeata,NA,190.1,0.269218667,0.090789337,NA
Lacmellea arborescens,NA,253.4,0.432374004,0.106137752,NA
Lacmellea floribunda,0.49,244.5,NA,NA,NA
Lacmellea lactescens,0.6,NA,NA,NA,NA
Lacmellea panamensis,0.4715,NA,NA,NA,NA
Lacmellea ramosissima,NA,237.5,NA,NA,NA
Lacunaria crenata,0.8065,229.7,0.323063288,0.080825125,NA
Lacunaria jenmanii,NA,255.5,0.374729923,0.124177729,NA
Ladenbergia amazonensis,NA,499,0.680094787,0.339524354,NA
Laetia corymbulosa,0.59,NA,NA,NA,NA
Laetia procera,0.6481,593.7,1.137628631,0.305809326,0.555831242
Laetia suaveolens,0.64,NA,NA,NA,NA
Lafoensia punicifolia,0.705,NA,NA,NA,NA
Lecointea amazonica,0.893333333,556,0.999625315,0.34190422,NA
Lecythis barnebyi,NA,473.3,0.544673609,0.091911703,NA
Lecythis chartacea,0.819,715.2,0.709953363,0.185141649,NA
Lecythis confertiflora,0.792,465,0.43109255,0.120342735,0.356311768
Lecythis corrugata,0.777,379.65,0.448765894,0.145369334,NA
Lecythis gracieana,0.826,NA,NA,NA,NA
Lecythis holcogyne,0.776,NA,NA,NA,NA
Lecythis idatimon,0.798571429,374.8,0.378256633,0.12460113,0.409428128
Lecythis lurida,0.83,547.6,0.28125,0.113359989,NA
Lecythis parvifructa,0.741,NA,NA,NA,NA
Lecythis persistens,0.86,266.6,0.337973012,0.086399742,0.106466425
Lecythis pisonis,0.8524,903.5,0.68127729,0.275426706,NA
Lecythis poiteaui,0.802,496.45,0.393626003,0.085200941,0.081598001
Lecythis prancei,0.875,537,0.433881401,0.094244604,0.307343649
Lecythis retusa,NA,224.8,NA,NA,NA
Lecythis zabucajo,0.849666667,931.8,0.883641182,0.178388487,NA
Leonia crassa,0.65,195.35,0.208902635,0.047448643,NA
Leonia cymosa,0.65,NA,NA,NA,NA
Leonia glycycarpa,0.6,298,0.514429124,0.122216089,0.92871555
Leonia racemosa,NA,237.5,0.44929776,0.126866377,NA
Leopoldinia piassaba,NA,528.95,NA,NA,NA
Leopoldinia pulchra,0.48,541,NA,NA,NA
Leptolobium nitens,NA,380.35,NA,NA,NA
Licania alba,0.8874,429.8,0.359814822,0.121338662,0.172843175
Licania apetala,0.7634,336,0.477681279,0.140751221,1.163038337
Licania arborea,0.62,NA,NA,NA,NA
Licania blackii,NA,343.8,0.428032335,0.154338525,NA
Licania bracteata,NA,399.6,0.49062277,0.11996708,NA
Licania brittoniana,0.6735,717.7,1.378930232,0.32283954,NA
Licania buxifolia,NA,327.75,0.330323717,0.127708524,0.189764681
Licania canescens,0.88,383.75,0.368053,0.088987659,0.123157917
Licania caudata,NA,525.3,0.424108742,0.141743867,NA
Licania coriacea,0.88,NA,NA,NA,NA
Licania cuprea,NA,438.3,0.46685752,0.14419064,NA
Licania davillifolia,0.88,NA,NA,NA,NA
Licania densiflora,0.785,571.6,0.706186571,0.243674737,NA
Licania discolor,0.887,NA,NA,NA,NA
Licania divaricata,0.88,273,0.314836678,NA,NA
Licania egleri,NA,441.5,NA,NA,NA
Licania elliptica,0.88,NA,NA,NA,NA
Licania emarginata,0.88,NA,NA,NA,NA
Licania fanshawei,0.887,416.1,0.378872508,0.143941184,NA
Licania gracilipes,0.8315,NA,NA,NA,NA
Licania granvillei,0.77,NA,NA,NA,NA
Licania guianensis,NA,219,NA,NA,NA
Licania harlingii,NA,412.45,0.440093078,NA,NA
Licania heteromorpha,0.8164,422.4,0.676868042,0.198040972,0.704690824
Licania hypoleuca,0.9088,344,NA,NA,NA
Licania impressa,0.921,648.5,0.430418409,0.198780485,NA
Licania incana,0.862,NA,NA,NA,NA
Licania intrapetiolaris,NA,360,NA,NA,NA
Licania irwinii,0.88,NA,NA,NA,NA
Licania kunthiana,0.88,318,0.424836601,0.184584864,2.472715837
Licania lata,NA,351.2,0.587227155,0.15682754,NA
Licania latifolia,NA,435,0.664705548,0.197052434,NA
Licania laxiflora,1.033,422.6,0.344963767,0.140532193,NA
Licania licaniiflora,0.67,449,0.501089505,0.173392781,NA
Licania longistyla,NA,351.6,0.440947941,0.124958322,NA
Licania macrophylla,0.7525,592.6,NA,NA,NA
Licania majuscula,0.8835,667.4,NA,NA,NA
Licania membranacea,0.88,475.6,0.569860701,0.204421469,0.29472153
Licania micrantha,0.836,453,0.592249307,0.173574662,0.521078437
Licania minutiflora,0.77,427.2,0.723182001,0.262002987,NA
Licania oblongifolia,0.8036,495,0.53786999,0.158775965,NA
Licania octandra,0.825,486.3,0.494722955,0.13453512,0.342838939
Licania ovalifolia,0.85,653.4,0.493045031,0.175142149,NA
Licania pallida,0.88,355.1,0.435066348,0.131339001,NA
Licania parviflora,0.82,NA,NA,NA,NA
Licania parvifructa,0.887,428.8,NA,NA,NA
Licania polita,0.88,NA,NA,NA,NA
Licania robusta,0.888666667,NA,NA,NA,NA
Licania rodriguesii,0.844,NA,NA,NA,NA
Licania sandwithii,0.882,400.8,0.362970348,0.09328981,NA
Licania sothersiae,0.839,NA,NA,NA,NA
Licania sprucei,NA,292.8,0.311011659,0.060822384,NA
Licania subarachnophylla,0.88,NA,NA,NA,NA
Licania unguiculata,0.88,661.4,0.820229958,0.155060726,NA
Licania urceolaris,0.88,NA,NA,NA,NA
Licaria armeniaca,0.553,195.45,NA,NA,NA
Licaria aurea,NA,222.25,0.746830226,0.204441705,NA
Licaria cannella,0.9385,497.2,0.655914829,0.155170775,0.411908612
Licaria chrysophylla,0.785,491.3,0.398013668,0.096023929,NA
Licaria guianensis,0.7475,343.45,0.461368399,0.130775681,NA
Licaria martiniana,NA,291.8,0.520936863,0.125536522,NA
Licaria pachycarpa,NA,279.65,0.433703909,0.141129004,NA
Licaria triandra,0.685,NA,NA,NA,NA
Lindackeria latifolia,NA,188,NA,NA,NA
Lindackeria paludosa,0.56,205.2,0.534503893,0.098264818,1.004501686
Lonchocarpus hedyosmus,0.771333333,NA,NA,NA,NA
Lonchocarpus heptaphyllus,0.68675,426,0.881303073,0.128341083,NA
Lonchocarpus sericeus,0.6935,NA,NA,NA,NA
Lonchocarpus spiciflorus,NA,217,0.601489706,0.143616208,2.450126793
Loreya arborescens,0.6,496.15,NA,NA,NA
Loxopterygium sagotii,0.561666667,516.4,NA,NA,NA
Luehea candicans,NA,268,0.675158755,0.190476532,NA
Luehea candida,0.91,NA,NA,NA,NA
Luehea cymulosa,0.48,1292.4,1.109381236,0.349778928,NA
Luehea paniculata,0.54,NA,NA,NA,NA
Luehea seemannii,0.417,NA,NA,NA,NA
Lueheopsis duckeana,0.6158,NA,NA,NA,NA
Lueheopsis hoehnei,NA,538,1.215085966,0.260172307,0.384713318
Lueheopsis rosea,0.33,551.7,1.233348135,0.163096902,NA
Lueheopsis rugosa,0.547,560.75,0.49962746,0.165542954,NA
Lunania parviflora,0.635,200,0.620068214,0.177581919,2.609773976
Mabea fistulifera,NA,241,0.869129199,0.413656051,NA
Mabea nitida,0.646666667,400,1.292995364,0.360272985,NA
Mabea occidentalis,NA,290,1.098095275,0.238121931,NA
Mabea paniculata,NA,181.75,NA,NA,NA
Mabea piriri,0.597666667,319.9,0.92811189,0.205562065,0.995009191
Mabea speciosa,0.635,223.1,0.466729798,0.117257199,0.930688104
Mabea subsessilis,0.6,NA,NA,NA,NA
Maburea trinervis,0.818,244.2,0.197872867,0.05307569,NA
Machaerium acutifolium,NA,430,NA,NA,NA
Machaerium hirtum,NA,261.1,0.6,0.198415493,NA
Machaerium villosum,0.745,NA,NA,NA,NA
Maclura tinctoria,0.753,526.75,1.997308846,NA,NA
Macoubea guianensis,0.414333333,509,0.702021916,0.188165281,NA
Macrocnemum roseum,0.45,614,1.568455943,0.349832142,NA
Macrolobium acaciifolium,0.551,520.5,NA,NA,NA
Macrolobium angustifolium,0.675,573,0.568917938,0.142259174,NA
Macrolobium bifolium,0.65,458.4,0.479386385,0.160670851,NA
Macrolobium gracile,NA,375.25,0.587900409,0.16360226,NA
Macrolobium limbatum,0.58,317.45,0.434206207,0.096988689,0.577303464
Macrolobium microcalyx,NA,381.05,0.541605121,0.174929161,0.740799506
Magnolia amazonica,NA,437.5,0.706493927,0.247171955,NA
Magonia pubescens,0.77,NA,NA,NA,NA
Mahurea exstipulata,0.73,NA,NA,NA,NA
Malmea dielsiana,NA,348.8,0.43982541,0.114745198,NA
Malouetia duckei,0.57,NA,NA,NA,NA
Malouetia tamaquarina,NA,189,NA,NA,NA
Manilkara bidentata,0.890607143,670.8,0.803012358,0.213301294,0.497400907
Manilkara cavalcantei,0.834,NA,NA,NA,NA
Manilkara huberi,0.921363636,843.4,0.875965193,0.251022701,0.347193838
Manilkara inundata,0.8,657.2,1.034992607,0.2360962,NA
Manilkara paraensis,0.86,NA,NA,NA,NA
Manilkara zapota,0.81,NA,NA,NA,NA
Maprounea guianensis,0.555,458.15,NA,NA,NA
Maquira calophylla,0.62,262.3,0.665914544,0.123626232,NA
Maquira coriacea,0.5112,739.5,1.049901186,0.240711737,NA
Maquira guianensis,0.766,307,0.554276533,0.177298204,0.596913861
Maquira sclerophylla,0.5135,538.75,0.59714636,0.134990084,NA
Margaritaria nobilis,0.622333333,552.6,0.976694073,0.296614061,NA
Marila laxiflora,NA,250,NA,NA,NA
Marlierea spruceana,NA,267.75,NA,NA,NA
Marlierea umbraticola,NA,224.1,0.311325313,0.083409696,NA
Marmaroxylon basijugum,NA,178.9,0.470598355,0.109883991,NA
Martiodendron parviflorum,0.841,NA,NA,NA,NA
Matayba arborescens,0.696666667,342.5,NA,NA,NA
Matayba guianensis,0.82,304.85,0.540275049,0.095025418,2.798008926
Matayba inelegans,0.82,210.25,0.229531996,0.070885887,NA
Matayba macrostylis,NA,349.05,NA,NA,NA
Matayba opaca,0.82,NA,NA,NA,NA
Matisia bicolor,NA,716.1,1.630308856,0.259897443,NA
Matisia bracteolosa,NA,254,0.489999484,0.105550935,NA
Matisia cordata,0.37275,609.75,1.424211597,0.366751275,0.792311775
Matisia lasiocalyx,NA,236.85,NA,NA,NA
Matisia malacocalyx,NA,215,0.414516267,0.097683451,NA
Matisia obliquifolia,NA,302.4,0.696138182,0.14246355,NA
Matisia ochrocalyx,0.57,301.6,0.656249358,0.144437228,0.943971384
Mauritia flexuosa,NA,401,NA,NA,0.967179169
Mauritiella aculeata,NA,145.85,NA,NA,NA
Mauritiella armata,NA,138,NA,NA,NA
Maytenus guyanensis,NA,427,NA,NA,NA
Maytenus krukovii,0.75,NA,NA,NA,NA
Maytenus myrsinoides,0.75,NA,NA,NA,NA
Maytenus oblongata,NA,350.3,0.362659553,0.074641204,NA
Melicoccus bijugatus,NA,560.5,NA,NA,NA
Meliosma herbertii,0.42,442.1,0.729905083,0.184246237,NA
Meriania urceolata,0.49,NA,NA,NA,NA
Metopium brownei,0.6,NA,NA,NA,NA
Metrodorea flavida,NA,276.25,0.641270543,0.169092342,NA
Mezilaurus duckei,0.6745,577.95,0.413767723,0.099904697,NA
Mezilaurus itauba,0.720333333,462,0.593360948,0.139221615,NA
Mezilaurus lindaviana,0.68,513.1,NA,NA,NA
Mezilaurus manausensis,NA,314.25,0.393889621,0.061358019,NA
Mezilaurus synandra,0.925,NA,NA,NA,NA
Miconia acuminata,NA,166,0.748715156,0.427957545,NA
Miconia burchellii,NA,286.95,1.454102649,0.71127054,NA
Miconia calvescens,0.42,NA,NA,NA,NA
Miconia chrysophylla,0.62,203.1,0.832468946,0.224214674,NA
Miconia cuspidata,NA,177.7,0.940569745,0.439184255,NA
Miconia dispar,NA,142.5,NA,NA,NA
Miconia dolichorrhyncha,NA,216.2,NA,NA,NA
Miconia elaeagnoides,0.75,320.4,0.918312867,0.417806219,NA
Miconia elata,0.47,233.7,0.637640437,0.218107761,NA
Miconia holosericea,0.62,201.15,NA,NA,NA
Miconia lepidota,0.75,NA,NA,NA,NA
Miconia longifolia,0.75,NA,NA,NA,NA
Miconia minutiflora,NA,224.75,NA,NA,NA
Miconia mirabilis,0.603,NA,NA,NA,NA
Miconia multiflora,NA,164.55,NA,NA,NA
Miconia myriantha,0.75,NA,NA,NA,NA
Miconia poeppigii,0.596666667,471.35,1.448907313,0.405176406,2.311185083
Miconia prasina,0.705,NA,NA,NA,NA
Miconia punctata,NA,179.75,0.76173448,0.259424315,5.185246521
Miconia pyrifolia,NA,302.2,1.279268629,0.516838272,3.935417447
Miconia regelii,NA,269.4,0.549917541,0.29476949,NA
Miconia splendens,0.66,263,0.989853997,0.342032396,NA
Miconia tomentosa,0.71,134.6,NA,NA,NA
Miconia trinervia,0.62,320.75,1.124447252,0.270229789,NA
Micrandra brownsbergensis,NA,353.2,NA,NA,NA
Micrandra elata,0.6,520.35,0.526176774,0.181018886,0.56635174
Micrandra rossiana,0.674,681.4,0.644415584,0.155253696,0.803525819
Micrandra siphonioides,0.584,216.25,0.267194458,0.123701138,NA
Micrandra spruceana,0.6,513.5,0.618523962,0.231316604,NA
Micrandra sprucei,NA,447.2,0.404721754,0.118772668,0.447393866
Micrandropsis scleroxylon,NA,414.65,0.506666667,0.096898666,NA
Micropholis acutangula,NA,477.8,NA,NA,NA
Micropholis cayennensis,NA,757.6,1.721283973,0.303384734,NA
Micropholis cylindrocarpa,NA,239.2,0.28444715,0.04037213,NA
Micropholis egensis,0.6,527.15,0.942933635,0.183767664,0.473247883
Micropholis gardneriana,NA,244,0.380116959,0.137755966,8.830980722
Micropholis guyanensis,0.657272727,458,0.738029068,0.224527695,0.615895663
Micropholis maguirei,NA,265.9,0.202360877,0.077961704,0.677638485
Micropholis melinoniana,0.53,800.25,0.879591015,0.218753589,NA
Micropholis mensalis,0.6585,436.8,0.632288856,0.171247837,NA
Micropholis obscura,NA,604,NA,NA,NA
Micropholis porphyrocarpa,NA,383,NA,NA,NA
Micropholis sanctae-rosae,NA,212.25,0.233292129,0.065437742,NA
Micropholis splendens,0.884,354,NA,NA,NA
Micropholis trunciflora,NA,191,NA,NA,NA
Micropholis venulosa,0.67,477.1,0.704675251,0.171866148,0.592288105
Micropholis williamii,0.718,233.4,0.303469428,0.092346794,NA
Minquartia guianensis,0.786714286,547.2,0.697255391,0.188250209,0.45725755
Mollia gracilis,0.49,NA,NA,NA,NA
Mollia lepidota,0.49,324,NA,NA,NA
Mollia speciosa,0.49,528.5,NA,NA,NA
Mollinedia killipii,NA,231,NA,NA,NA
Monopteryx uaucu,0.73,1000,NA,NA,NA
Mora excelsa,0.808666667,692.65,NA,NA,NA
Mora gonggrijpii,0.803857143,721,0.948553493,0.255094135,NA
Mora paraensis,0.85,NA,NA,NA,NA
Morisonia americana,0.88,NA,NA,NA,NA
Moronobea coccinea,0.832333333,606,0.57414507,0.234777445,NA
Mouriri acutiflora,0.81,316.95,0.323252023,0.158238924,NA
Mouriri angulicosta,0.9,NA,NA,NA,NA
Mouriri apiranga,NA,286.8,0.375410605,0.125412041,NA
Mouriri barinensis,0.79,NA,NA,NA,NA
Mouriri brachyanthera,NA,281.25,0.499651277,0.224632637,NA
Mouriri brevipes,0.775,386.6,NA,NA,NA
Mouriri collocarpa,0.833333333,320,0.358988555,0.123979791,NA
Mouriri crassifolia,0.895,405.95,0.384800936,0.169661529,NA
Mouriri grandiflora,0.9,337,NA,NA,NA
Mouriri huberi,0.791666667,441.05,0.401013086,0.188114847,NA
Mouriri nigra,0.895,373.5,0.317172633,0.136800079,NA
Mouriri sagotiana,0.9,NA,NA,NA,NA
Mouriri sideroxylon,0.88,NA,NA,NA,NA
Mouriri vernicosa,NA,351.2,NA,NA,NA
Mucoa duckei,NA,285,NA,NA,NA
Myrcia amazonica,0.82,271.5,0.372869545,0.107169411,NA
Myrcia deflexa,0.8,NA,NA,NA,NA
Myrcia fallax,0.82,287.4,0.556615484,0.136529291,NA
Myrcia grandis,NA,295,0.339153373,0.089860697,NA
Myrcia paivae,0.774,240.7,NA,NA,NA
Myrcia servata,NA,264.75,0.349982517,0.088570976,NA
Myrcia splendens,0.8,NA,NA,NA,NA
Myrciaria floribunda,0.785,267.75,0.404281889,0.169497263,0.679122577
Myrocarpus frondosus,0.775,NA,NA,NA,NA
Myroxylon balsamum,0.77375,711.8,1.290913822,0.451104413,NA
Naucleopsis caloneura,NA,245.6,0.519950025,0.085283559,0.852902098
Naucleopsis concinna,0.67,NA,NA,NA,NA
Naucleopsis glabra,NA,312.25,0.509265095,0.073422305,NA
Naucleopsis guianensis,0.65,NA,NA,NA,NA
Naucleopsis krukovii,NA,322.75,0.66995667,0.154018252,NA
Naucleopsis macrophylla,NA,347.35,NA,NA,NA
Naucleopsis pseudonaga,NA,394.8,0.71003239,0.204345384,NA
Naucleopsis ternstroemiiflora,0.612,238.95,NA,NA,NA
Naucleopsis ulei,0.67,307.25,0.66803567,0.174993315,NA
Nealchornea yapurensis,0.613333333,288,0.705621659,0.180532167,1.043327722
Nectandra amazonum,0.633333333,NA,NA,NA,NA
Nectandra cissiflora,NA,388.8,NA,NA,NA
Nectandra cuspidata,0.518,262.2,1.001876612,0.345990964,NA
Nectandra globosa,0.39,330.6,0.668003377,0.247368049,NA
Nectandra hihua,0.42,223,NA,NA,NA
Nectandra latissima,NA,784,NA,NA,NA
Nectandra longifolia,NA,542.2,1.135145862,0.347604227,NA
Nectandra pulverulenta,NA,405.6,1.215905357,0.281504956,NA
Nectandra purpurea,0.431,NA,NA,NA,NA
Nectandra reticulata,0.505,355,NA,NA,NA
Nectandra turbacensis,0.545,592,1.534232884,0.424116642,NA
Neea altissima,NA,175,NA,NA,NA
Neea amplifolia,NA,316.5,0.706776673,0.207557955,NA
Neea divaricata,0.49,316.8,0.881323375,0.219719896,1.113126934
Neea floribunda,0.62,362.6,0.948513005,0.163169532,NA
Neea macrophylla,NA,200,0.36851675,0.118493198,NA
Neea madeirana,0.548,NA,NA,NA,NA
Neea oppositifolia,0.893,214.95,NA,NA,NA
Neea ovalifolia,0.77,372.8,NA,NA,NA
Neea parviflora,NA,312.2,NA,NA,NA
Neea spruceana,NA,333.3,0.913478857,0.214551889,NA
Neea verticillata,NA,258.1,0.569660178,0.095220709,NA
Neoraputia paraensis,NA,376,NA,NA,NA
Newtonia paucijuga,0.619,NA,NA,NA,NA
Ochroma pyramidale,0.154166667,332.8,4.379615953,1.743234141,10.98389815
Ochthocosmus multiflorus,NA,184.3,0.318197454,0.064499484,NA
Ocotea aciphylla,0.5105,490,0.856010023,0.244206857,NA
Ocotea amazonica,0.443,NA,NA,NA,NA
Ocotea argyrophylla,NA,374.25,1.088011819,0.317311184,NA
Ocotea atirrensis,0.48,NA,NA,NA,NA
Ocotea bofo,NA,529,1.172708116,0.294595342,NA
Ocotea camphoromoea,NA,548.65,NA,NA,NA
Ocotea canaliculata,0.479333333,541.35,1.080890699,0.221876528,NA
Ocotea ceanothifolia,0.371,481.45,0.872528704,0.260283513,NA
Ocotea cernua,0.4535,447.1,0.835123371,0.193336271,NA
Ocotea cinerea,NA,528.45,0.846335188,0.224978738,NA
Ocotea costulata,0.49,NA,NA,NA,NA
Ocotea cujumary,NA,352.45,0.665010893,0.189871831,NA
Ocotea douradensis,NA,421.95,NA,NA,NA
Ocotea fendleri,0.46,NA,NA,NA,NA
Ocotea floribunda,0.3954,404,NA,NA,NA
Ocotea glomerata,0.508,NA,NA,NA,NA
Ocotea guianensis,0.529666667,370.25,1.110887907,0.517054672,2.483475602
Ocotea javitensis,NA,507.45,0.989330576,0.254955502,NA
Ocotea leucoxylon,0.462,455.95,0.810415235,0.293108454,NA
Ocotea longifolia,NA,396,2.418694504,0.760910408,NA
Ocotea matogrossensis,NA,416.1,1.15910004,0.466762844,NA
Ocotea myriantha,0.611,335.95,0.388622383,0.136926122,NA
Ocotea neesiana,0.55,NA,NA,NA,NA
Ocotea nigrescens,NA,313.9,0.475084333,0.161495466,NA
Ocotea oblonga,0.3855,417.5,NA,NA,NA
Ocotea pauciflora,0.59,NA,NA,NA,NA
Ocotea percurrens,0.519,395.5,0.583455482,0.184040515,NA
Ocotea petalanthera,0.462,NA,NA,NA,NA
Ocotea puberula,0.455,500,1.134340794,0.237574904,NA
Ocotea rubra,NA,1105.15,NA,NA,NA
Ocotea schomburgkiana,0.65,NA,NA,NA,NA
Ocotea splendens,0.45,367.85,0.626004117,0.20931583,NA
Ocotea subterminalis,NA,297.65,0.356112807,0.091609927,NA
Ocotea tessmannii,NA,521.5,NA,NA,NA
Ocotea tomentella,0.465,NA,NA,NA,NA
Oenocarpus bacaba,0.65,223,NA,NA,2.598469512
Oenocarpus bataua,NA,270,NA,NA,1.562987113
Oenocarpus distichus,NA,239.9,NA,NA,NA
Oenocarpus mapora,0.713,139.85,NA,NA,NA
Onychopetalum amazonicum,0.6235,320.5,0.320256205,0.122775522,NA
Onychopetalum periquino,NA,287.9,NA,NA,NA
Ophiocaryon heterophyllum,NA,226,0.415883832,NA,NA
Ormosia coarctata,0.6,NA,NA,NA,NA
Ormosia coccinea,0.625,536.65,NA,NA,NA
Ormosia costulata,0.6385,NA,NA,NA,NA
Ormosia coutinhoi,0.591333333,536.7,1.149058102,0.332599123,NA
Ormosia excelsa,0.61,NA,NA,NA,NA
Ormosia flava,0.58,NA,NA,NA,NA
Ormosia nobilis,0.58,NA,NA,NA,NA
Ormosia paraensis,0.6635,581.6,1.40778977,0.268293368,NA
Ormosia stipularis,0.58,NA,NA,NA,NA
Osteophloeum platyspermum,0.465857143,668.8,1.192928053,0.332315636,0.383367025
Otoba glycycarpa,NA,550,1.244190994,0.373528724,NA
Otoba gracilipes,0.443333333,NA,NA,NA,NA
Otoba lehmannii,0.39,NA,NA,NA,NA
Otoba novogranatensis,0.35,NA,NA,NA,NA
Otoba parvifolia,0.425833333,493.75,1.307917979,0.320653971,NA
Ouratea castaneifolia,0.77,NA,NA,NA,NA
Ouratea discophora,0.791,243.4,0.3998001,0.137021035,NA
Ouratea polygyna,0.77,NA,NA,NA,NA
Oxandra asbeckii,0.77,185,0.273027744,0.07472802,0.478855091
Oxandra espintana,0.63,190.75,0.381085293,0.082610719,NA
Oxandra mediocris,NA,252,0.584529412,0.169377963,2.299352312
Oxandra polyantha,NA,259,NA,NA,NA
Oxandra riedeliana,0.77,201.4,0.501873367,0.119255877,NA
Oxandra xylopioides,0.77,308.8,0.512294627,0.12736635,0.980855687
Pachira aquatica,0.376666667,555,0.508642956,0.130896857,NA
Pachira brevipes,0.56,176.55,0.18327606,0.03807894,1.840853556
Pachira insignis,0.384,540,1.024542064,0.248662958,NA
Pachira nervosa,NA,350.8,NA,NA,NA
Pachira paraensis,NA,383.85,NA,NA,NA
Pachira quinata,0.415,1444.75,2.095116953,0.616870433,NA
Pagamea coriacea,0.563333333,NA,NA,NA,NA
Pagamea guianensis,0.573333333,179.7,NA,NA,NA
Palicourea guianensis,0.54,197,NA,NA,NA
Palicourea roseocremea,NA,191.5,0.329482761,0.072924893,NA
Panopsis rubescens,0.52,361.8,NA,NA,NA
Panopsis sessilifolia,0.5035,NA,NA,NA,NA
Parahancornia fasciculata,0.473333333,646.5,NA,NA,NA
Parahancornia peruviana,0.52,459.35,NA,NA,NA
Paramachaerium ormosioides,NA,364,0.580458156,0.11068064,NA
Parapiptadenia excelsa,0.74,NA,NA,NA,NA
Parinari campestris,0.7072,786.6,1.195308138,0.391663516,NA
Parinari excelsa,0.704666667,NA,NA,NA,NA
Parinari klugii,NA,799.2,NA,NA,NA
Parinari montana,0.71,NA,NA,NA,NA
Parinari occidentalis,NA,330.5,0.883977901,0.204214711,NA
Parinari pachyphylla,0.69,NA,NA,NA,NA
Parinari parilis,NA,566.4,NA,NA,NA
Parinari rodolphii,0.7215,NA,NA,NA,NA
Parkia decussata,0.775,353.2,0.951517898,0.318869658,NA
Parkia discolor,0.64,NA,NA,NA,NA
Parkia gigantocarpa,0.26,NA,NA,NA,NA
Parkia igneiflora,0.47,441.6,0.906308851,0.31309999,NA
Parkia multijuga,0.39625,806,1.48842411,0.522301102,NA
Parkia nitida,0.383,1010.6,1.781519468,0.531962617,0.660748153
Parkia paraensis,0.415,NA,NA,NA,NA
Parkia pendula,0.5212,1072.1,1.527905639,0.426751385,NA
Parkia ulei,0.3785,724,NA,NA,NA
Parkia velutina,0.435,790,1.323086626,0.444181325,NA
Pausandra macrostachya,NA,156.85,0.240432104,0.07887409,0.836012501
Pausandra martinii,NA,134.1,NA,NA,NA
Pausandra trianae,0.59,190.5,0.40028636,0.109636686,1.661686028
Paypayrola grandiflora,0.63,174.95,0.255527437,0.066075176,NA
Paypayrola guianensis,0.5815,168.5,NA,NA,NA
Peltogyne catingae,0.813333333,528.5,1.024014499,0.203759554,NA
Peltogyne confertiflora,0.77,NA,NA,NA,NA
Peltogyne heterophylla,0.87,608.3,1.215044764,0.377862259,NA
Peltogyne paniculata,0.796142857,399.8,0.793846044,0.187367972,NA
Peltogyne paradoxa,0.83,NA,NA,NA,NA
Peltogyne purpurea,0.79,NA,NA,NA,NA
Peltogyne subsessilis,0.76,NA,NA,NA,NA
Peltogyne venosa,0.765,NA,NA,NA,NA
Pentaclethra macroloba,0.603454545,342.7,0.91383812,0.230866017,NA
Pentaclethra macrophylla,0.841,NA,NA,NA,NA
Pentagonia macrophylla,NA,250.55,NA,NA,NA
Pentagonia parvifolia,NA,171.2,0.282895391,0.070380842,NA
Pentagonia spathicalyx,NA,327,0.734870892,0.218564787,NA
Pera bicolor,0.627,331.2,NA,NA,NA
Pera coccinea,0.73,NA,NA,NA,NA
Pera glabrata,0.67,454,NA,NA,NA
Perebea angustifolia,0.517,354.25,1.028922884,0.226213868,NA
Perebea guianensis,0.56,302,0.573225639,0.13947157,0.526745761
Perebea mollis,0.365,393,0.94002448,0.252285318,NA
Perebea tessmannii,NA,355.6,0.886017358,0.210698346,NA
Perebea xanthochyma,0.56,339,0.862655167,0.155165843,NA
Peridiscus lucidus,0.73,NA,NA,NA,NA
Persea caerulea,0.425,525.8,2.546226887,0.843428625,NA
Phenakospermum guyannense,NA,170.8,NA,NA,NA
Physocalymma scaberrimum,NA,409.5,0.349060239,0.086862616,NA
Piper reticulatum,0.33,135,NA,NA,NA
Piptadenia gonoacantha,0.68,540.95,2.436334056,1.014564024,NA
Piptadenia viridiflora,0.73,NA,NA,NA,NA
Platonia insignis,0.723142857,677,0.609675966,0.213760174,NA
Platycarpum orinocense,NA,304.7,NA,NA,NA
Platymiscium pinnatum,0.72125,663,0.75,0.285371126,NA
Platymiscium trinitatis,0.864,NA,NA,NA,NA
Platypodium elegans,0.75,550.5,0.564096703,0.181513044,NA
Pleradenophora membranifolia,NA,203,0.529106781,0.157349363,NA
Pleuranthodendron lindenii,0.68,504.85,0.808300883,0.298224112,NA
Pleurothyrium intermedium,NA,280.2,NA,NA,NA
Pleurothyrium parviflorum,0.47,NA,NA,NA,NA
Pleurothyrium poeppigii,NA,283.95,1.20688239,0.271094094,NA
Pleurothyrium vasquezii,NA,278.15,NA,NA,NA
Plumeria rubra,0.5,NA,NA,NA,NA
Poecilanthe hostmannii,0.62,NA,NA,NA,NA
Poecilanthe parviflora,NA,508.1,NA,NA,NA
Poeppigia procera,0.735,NA,NA,NA,NA
Pogonophora schomburgkiana,0.8325,264.6,0.332341518,0.093813958,0.814868785
Poraqueiba guianensis,0.742333333,316.85,0.453929007,0.111427893,0.218381432
Poraqueiba sericea,0.79,337.25,NA,NA,NA
Porcelia nitidifolia,0.4,NA,NA,NA,NA
Posoqueria latifolia,0.569666667,264.5,0.33621353,0.098460653,NA
Posoqueria longiflora,0.455,NA,NA,NA,NA
Poulsenia armata,0.350428571,710.95,1.812191104,0.522967672,1.144849296
Pourouma bicolor,0.353166667,460.2,2.143408715,0.695273527,2.426401071
Pourouma cecropiifolia,0.355666667,381.5,1.976844358,0.540076292,2.389471045
Pourouma cucura,NA,413.4,1.517764439,0.531060712,NA
Pourouma guianensis,0.38,433.9,1.760624362,0.598454689,2.285186571
Pourouma melinonii,0.32,405.8,1.738371157,0.697339591,NA
Pourouma minor,0.436,490.25,1.414856208,0.484216844,1.495052973
Pourouma mollis,0.39,438,1.524262102,0.662538024,1.68345313
Pourouma ovata,NA,353.2,1,0.332640488,1.524930265
Pourouma tomentosa,0.395,449.15,1.567983297,0.480517297,1.761759693
Pourouma velutina,NA,375,1.223307561,0.474116358,NA
Pourouma villosa,0.34,366.95,0.856764766,0.359029444,NA
Pouteria ambelaniifolia,0.697,365.1,0.411346929,0.128472422,NA
Pouteria anomala,0.693833333,528.45,0.678987156,0.171454042,0.586115319
Pouteria bangii,NA,421.75,0.632050909,0.16559323,NA
Pouteria benai,0.88,NA,NA,NA,NA
Pouteria bilocularis,0.708,507.75,0.478608737,0.139601912,NA
Pouteria buenaventurensis,0.56,NA,NA,NA,NA
Pouteria caimito,0.784285714,408.75,0.674464633,0.13581094,0.716132421
Pouteria campanulata,NA,304.55,0.515496614,0.133563863,NA
Pouteria cladantha,0.942333333,358.5,0.485740724,0.134664201,0.802687155
Pouteria coriacea,0.895,362.15,0.446211454,0.125566126,NA
Pouteria cuspidata,0.9,502.8,0.70647285,0.192968951,0.828605389
Pouteria decorticans,NA,277.4,0.41839449,0.086414308,0.195343813
Pouteria durlandii,0.69,428.8,0.75850957,0.209648963,NA
Pouteria egregia,0.886833333,383.35,0.766515114,0.20399976,NA
Pouteria elegans,0.73,382,0.796266887,0.178715778,NA
Pouteria engleri,0.774333333,513.4,0.440352282,0.149648792,0.534336101
Pouteria ephedrantha,0.758,565.4,0.927313318,0.244561131,0.754217965
Pouteria erythrochrysa,NA,323.2,0.3996109,0.106464033,NA
Pouteria eugeniifolia,1.1125,579.4,0.598336683,0.170465691,0.186425623
Pouteria filipes,0.964,511.4,0.716443625,0.148135332,NA
Pouteria fimbriata,NA,403.15,0.314845855,0.109530382,NA
Pouteria franciscana,0.6,855.7,1.200554012,0.300258415,NA
Pouteria glomerata,0.679,279.8,0.755822388,0.23880205,NA
Pouteria gomphiifolia,NA,579,0.562414266,0.192215631,NA
Pouteria gongrijpii,0.7994,348.8,0.416843099,0.119399925,0.208668839
Pouteria grandis,0.93,NA,NA,NA,NA
Pouteria guianensis,0.9295,556.5,0.562556515,0.141951006,0.254016423
Pouteria hispida,0.874,484.65,0.463330939,0.125408874,NA
Pouteria jariensis,NA,450.05,0.530011935,0.127754536,NA
Pouteria krukovii,NA,565.4,0.936360654,0.253452831,NA
Pouteria laevigata,NA,847.2,NA,NA,NA
Pouteria macrocarpa,0.6455,NA,NA,NA,NA
Pouteria macrophylla,0.737,344.8,0.859806739,0.203908374,0.634101959
Pouteria manaosensis,0.64,513,NA,NA,NA
Pouteria melanopoda,0.968666667,550,0.874922126,0.171973734,NA
Pouteria minima,0.756,327.55,0.454719575,0.112990815,NA
Pouteria multiflora,0.77,434.8,0.498478437,0.125298841,NA
Pouteria nemorosa,0.44,NA,NA,NA,NA
Pouteria oblanceolata,0.79,534.2,0.706629134,0.199308908,NA
Pouteria opposita,NA,345.15,0.441053665,0.127529413,NA
Pouteria oppositifolia,0.65,926.4,0.674542165,0.275202977,NA
Pouteria papyracea,0.564,NA,NA,NA,NA
Pouteria platyphylla,NA,317,0.321106801,NA,NA
Pouteria procera,NA,746,1.354545455,0.367318427,NA
Pouteria ramiflora,NA,462.5,0.791235817,0.233009416,NA
Pouteria reticulata,0.794,583.2,0.801377639,0.15749301,0.893477148
Pouteria retinervis,NA,477,0.533639953,0.130605898,0.461605524
Pouteria rostrata,NA,397.15,0.630550622,0.128658622,NA
Pouteria singularis,NA,469,0.37865977,0.108159353,NA
Pouteria speciosa,0.607,667.25,NA,NA,NA
Pouteria torta,0.7685,523.2,0.749477716,0.155174422,0.38563815
Pouteria trilocularis,0.672,427.7,0.888822505,0.24724094,NA
Pouteria venosa,0.92,474,0.551789878,0.119241452,NA
Pouteria vernicosa,0.737,380,0.546933397,0.148945151,NA
Pouteria virescens,NA,382.7,0.315790809,0.101680999,NA
Pradosia cochlearia,0.73,846.6,0.772912373,0.179458228,0.328527273
Pradosia ptychandra,0.645,518.25,0.66314488,0.110364215,NA
Pradosia schomburgkiana,0.753666667,491.6,0.762141968,0.324631924,NA
Preslianthus pittieri,NA,201.85,NA,NA,NA
Prockia crucis,0.58,NA,NA,NA,NA
Protium altsonii,0.684,510.55,0.746506131,0.240134184,1.208661221
Protium amazonicum,0.599,303.7,0.758323307,0.206055277,0.852229023
Protium apiculatum,NA,303,0.723319473,0.22335197,0.873667341
Protium aracouchini,0.49,267.2,0.549450549,0.152366819,1.069979125
Protium carnosum,0.45,NA,NA,NA,NA
Protium crassipetalum,0.65,305.4,0.863888005,0.205995523,NA
Protium crenatum,0.54,491.4,2.271065162,0.397636446,NA
Protium cuneatum,0.49,NA,NA,NA,NA
Protium decandrum,0.512,345,0.89911505,0.225801507,1.183880792
Protium divaricatum,NA,234.4,1.111971675,0.280510397,NA
Protium ferrugineum,NA,206,NA,NA,NA
Protium gallicum,NA,322.8,0.330695249,0.120269006,NA
Protium gallosum,NA,266.55,0.660079353,0.200993445,NA
Protium giganteum,NA,353.6,NA,NA,NA
Protium glabrescens,NA,308,NA,NA,NA
Protium grandifolium,0.638,245.1,1.058910886,0.272107401,NA
Protium guianense,0.711,271.6,0.394171094,0.119390598,NA
Protium hebetatum,NA,262.8,0.432132341,0.113637713,1.361593498
Protium heptaphyllum,0.6293,308,1.001525845,0.252093849,NA
Protium krukoffii,NA,192.85,0.319022776,0.116061058,NA
Protium nitidifolium,NA,242.75,0.518252023,0.194906749,NA
Protium nodulosum,0.49,392.5,0.894709117,0.259949392,1.504772274
Protium occultum,NA,246,0.388310649,0.104475231,NA
Protium opacum,0.57,337.45,0.676395769,0.228994522,0.785229391
Protium pallidum,NA,294.8,0.587177951,0.213464652,NA
Protium paniculatum,0.49,324.3,0.636361565,0.174825676,1.160089981
Protium pilosissimum,NA,157.1,0.343229792,0.141335671,3.329054992
Protium pilosum,NA,225.15,NA,NA,NA
Protium polybotryum,0.689,421.35,NA,NA,NA
Protium puncticulatum,NA,384.2,0.632272785,0.237363952,NA
Protium robustum,NA,299.4,NA,NA,NA
Protium sagotianum,0.5575,351.6,0.584663106,0.158704508,0.539144027
Protium spruceanum,NA,360,0.79720219,0.277301985,NA
Protium strumosum,NA,209.4,0.501169807,0.116641844,NA
Protium subserratum,0.55,325,1.007562677,0.367774393,0.718921954
Protium tenuifolium,0.56975,375.05,0.6697669,0.221070196,0.83357318
Protium trifoliolatum,0.685,225,0.259320026,0.076396447,1.091027681
Protium unifoliolatum,0.33,254,NA,NA,NA
Prunus detrita,NA,434.95,NA,NA,NA
Prunus myrtifolia,0.741,NA,NA,NA,NA
Pseudima frutescens,0.8,NA,NA,NA,NA
Pseudobombax marginatum,0.32,NA,NA,NA,NA
Pseudobombax munguba,0.25,NA,NA,NA,NA
Pseudobombax septenatum,0.211666667,440,NA,NA,NA
Pseudolmedia laevigata,0.629,426.7,0.57995308,0.16985016,0.573092769
Pseudolmedia laevis,0.618444444,445.1,0.846668967,0.213223918,0.624743115
Pseudolmedia macrophylla,0.66025,342.3,0.592266544,0.160186512,0.429579578
Pseudolmedia rigida,0.64,430.4,0.843979021,0.288941269,NA
Pseudomalmea diclina,0.808,362.6,0.656621542,0.212507429,0.97862827
Pseudopiptadenia pittieri,0.61,NA,NA,NA,NA
Pseudopiptadenia psilostachya,NA,791.6,1.294188137,0.348398391,NA
Pseudopiptadenia suaveolens,0.679714286,951.5,1.745491434,0.568315963,NA
Pseudoxandra cuspidata,NA,195,0.502122935,0.167216019,1.708020493
Pseudoxandra leiophylla,NA,299.6,NA,NA,NA
Pseudoxandra polyphleba,0.37,NA,NA,NA,NA
Psidium acutangulum,0.74,294.8,NA,NA,NA
Psidium guineense,NA,261.8,0.50994006,0.131913192,0.940667427
Psidium sartorianum,0.79,NA,NA,NA,NA
Pterocarpus amazonum,NA,788.5,NA,NA,NA
Pterocarpus officinalis,0.395785715,531.2,NA,NA,NA
Pterocarpus rohrii,0.437,588,1.378784715,0.347816761,0.918469161
Pterocarpus santalinoides,0.528,509,NA,NA,NA
Pterygota amazonica,0.56,978.6,NA,NA,NA
Ptychopetalum olacoides,0.6625,246.65,0.461310254,0.161556824,NA
Quadrella indica,NA,185,0.637082601,0.169152396,NA
Qualea acuminata,0.65,NA,NA,NA,NA
Qualea cordata,NA,500.5,NA,NA,NA
Qualea dinizii,0.5975,NA,NA,NA,NA
Qualea homosepala,0.685,NA,NA,NA,NA
Qualea lineata,NA,780.8,1.96216454,0.797404311,NA
Qualea paraensis,0.689333333,712.75,1.833882688,0.408947908,0.579771167
Qualea rosea,0.5796,900.2,1.120172562,0.331762399,0.358951694
Qualea tricolor,0.65,NA,NA,NA,NA
Quararibea amazonica,NA,174.5,0.469786768,NA,NA
Quararibea asterolepis,0.454,NA,NA,NA,NA
Quararibea duckei,NA,179,0.24020926,0.061846519,0.417268163
Quararibea guianensis,0.56,244.95,0.510479729,0.86413145,NA
Quararibea lasiocalyx,NA,154.4,0.379958906,0.098609032,NA
Quararibea wittii,0.465,319.75,0.694336101,0.177892878,0.80688138
Quiina amazonica,0.92,179.8,NA,NA,NA
Quiina cruegeriana,NA,218.5,NA,NA,NA
Quiina florida,0.728,247.05,0.781863143,0.167480348,NA
Quiina negrensis,NA,208.6,0.283581556,0.093908605,NA
Quiina obovata,0.851,289.2,0.51465035,0.141798688,NA
Quiina paraensis,NA,206.65,0.299145299,0.089957237,NA
Randia armata,0.69,181.8,NA,NA,NA
Rauvolfia paraensis,0.55,NA,NA,NA,NA
Rauvolfia praecox,0.459666667,NA,NA,NA,NA
Recordoxylon speciosum,0.8,NA,NA,NA,NA
Rhabdodendron amazonicum,NA,174,NA,NA,NA
Rhamnidium elaeocarpum,NA,352.8,1.402151023,0.384577662,NA
Rheedia benthamiana,NA,235.3,NA,NA,NA
Rheedia brasiliensis,NA,212.8,0.8125,0.271767368,NA
Rhodostemonodaphne grandis,0.39,377.75,0.826580014,0.228451516,NA
Rhodostemonodaphne kunthiana,NA,430,NA,NA,NA
Rhodostemonodaphne praeclara,0.4,478.6,NA,NA,NA
Richeria grandis,0.576666667,520.8,0.963656369,0.313898122,NA
Rinorea apiculata,NA,341.3,0.818043508,0.276146364,2.975290636
Rinorea flavescens,0.63,158,0.25089143,0.046355197,1.237567399
Rinorea guianensis,0.78,307,0.376276132,0.115748216,0.725640214
Rinorea lindeniana,NA,181.4,0.303153147,0.085115615,NA
Rinorea paniculata,0.75,NA,NA,NA,NA
Rinorea pubiflora,0.75,222.95,NA,NA,NA
Rinorea racemosa,0.682,153.7,0.29515768,0.093389406,2.031480021
Rinorea riana,NA,163.5,0.298793547,0.06729684,0.613156318
Rinorea viridifolia,0.515,151.7,0.394363933,0.082167566,1.416099629
Rinoreocarpus ulei,NA,245.4,0.482164276,0.155117782,NA
Rollinia edulis,NA,314.65,1.366641004,0.410108438,NA
Rollinia insignis,0.425,440,NA,NA,NA
Rollinia pittieri,0.27,575,2.099991596,0.571774799,NA
Roucheria calophylla,0.88,NA,NA,NA,NA
Roucheria columbiana,0.77,269.4,0.681818182,0.233965598,2.388066088
Roupala montana,0.783333333,289.65,0.474531302,0.14587798,NA
Ruizodendron ovale,NA,309,0.876898641,0.239952819,1.356334318
Ruizterania albiflora,0.576125,868.6,1.283196823,0.399990905,NA
Ruizterania retusa,0.705,NA,NA,NA,NA
Ruizterania trichanthera,NA,750.85,NA,NA,NA
Ruprechtia laxiflora,0.57,NA,NA,NA,NA
Ruptiliocarpon caracolito,NA,476.95,NA,NA,NA
Sacoglottis amazonica,NA,566.6,0.716958715,0.234395136,NA
Sacoglottis ceratocarpa,NA,324.8,NA,NA,NA
Sacoglottis cydonioides,0.782333333,NA,NA,NA,NA
Sacoglottis guianensis,0.835857143,430.7,0.915075543,0.337553737,0.424049528
Sacoglottis mattogrossensis,0.77,560.4,0.650662133,0.265579566,NA
Sagotia brachysepala,NA,248,0.438596491,0.153455169,0.912807991
Sagotia racemosa,0.58,264.6,0.605497451,0.104316288,NA
Salacia juruana,NA,249.15,NA,NA,NA
Salacia macrantha,NA,191.15,NA,NA,NA
Samanea saman,NA,642.15,NA,NA,NA
Sandwithia guyanensis,0.74,158.6,0.194234959,0.046724997,0.577863761
Sandwithia heterocalyx,NA,430,NA,NA,NA
Sapindus saponaria,0.743333333,390,NA,NA,NA
Sapium glandulosum,0.41525,643.5,1.522401856,0.421378127,NA
Sapium marmieri,0.41,649.25,2.150636475,0.594939682,1.167742415
Sapium stylare,0.47,NA,NA,NA,NA
Sarcaulus brasiliensis,0.615,431.5,0.549450549,0.13954197,NA
Schefflera decaphylla,0.446333333,546.7,1.154683071,0.403358547,NA
Schefflera morototoni,0.458428571,562.8,1.450796493,0.514441159,NA
Schizolobium parahyba,0.358333333,NA,NA,NA,NA
Sclerolobium froesii,NA,391.5,1.382868937,0.527960994,NA
Sclerolobium melanocarpum,0.61,518.4,NA,NA,NA
Scleronema micranthum,0.624777778,539.75,0.747509908,0.218934681,0.585020904
Scleronema praecox,0.593333333,729,0.89459279,0.234929279,NA
Senefeldera inclinata,0.7,291.4,0.547215496,0.159776008,NA
Senefeldera macrophylla,0.86,NA,NA,NA,NA
Senegalia loretensis,NA,662.75,2.8,0.933665932,NA
Senegalia polyphylla,NA,502.5,1.845833323,0.562247188,NA
Senna multijuga,0.582,NA,NA,NA,NA
Senna silvestris,NA,354.75,1.897744784,0.802832721,NA
Sextonia rubra,0.552285714,923.5,0.940270156,0.24454626,0.483702731
Simaba cedron,0.474333333,196,0.275432672,0.055208474,0.190917573
Simaba morettii,NA,847.6,0.516283418,0.191518324,NA
Simaba orinocensis,0.42,NA,NA,NA,NA
Simaba polyphylla,NA,338.7,0.67525322,0.126277671,NA
Simarouba amara,0.383333333,695,1.685631757,0.577674424,1.158325252
Simira rubescens,0.8,325,0.876645012,0.245965629,NA
Siparuna cristata,NA,178,0.480786759,0.131351107,NA
Siparuna cuspidata,0.655,237.45,0.355542622,0.11504717,NA
Siparuna decipiens,0.6405,235.5,0.37694999,0.081637651,0.913814239
Siparuna glycycarpa,NA,360.2,0.973743697,NA,NA
Siparuna guianensis,NA,157,NA,NA,NA
Siparuna pachyantha,NA,415.8,0.414336297,0.10049049,NA
Sloanea brevipes,NA,500,NA,NA,NA
Sloanea eichleri,0.75,378.2,0.805692601,0.181945869,0.880533729
Sloanea floribunda,NA,430,0.431991844,0.105084839,NA
Sloanea fragrans,0.47,409.25,0.850367589,NA,NA
Sloanea froesii,NA,248.6,0.35,0.091666667,NA
Sloanea garckeana,NA,263,0.54563317,0.211846387,NA
Sloanea gracilis,NA,335.5,1.008887821,0.237029179,NA
Sloanea grandiflora,0.81025,445,NA,NA,NA
Sloanea guianensis,0.8212,867.2,1.099752624,0.313965627,0.565773226
Sloanea latifolia,NA,364.25,NA,NA,NA
Sloanea laurifolia,0.8155,NA,NA,NA,NA
Sloanea laxiflora,NA,802.65,NA,NA,NA
Sloanea nitida,0.955,NA,NA,NA,NA
Sloanea obtusifolia,NA,1266.7,NA,NA,NA
Sloanea robusta,0.861,293.5,0.7300256,0.191734064,NA
Sloanea rufa,NA,201.15,NA,NA,NA
Sloanea schomburgkii,0.8655,NA,NA,NA,NA
Sloanea sinemariensis,NA,272.7,0.499369112,0.140546191,NA
Sloanea synandra,0.653,435,0.282674456,0.085669472,NA
Sloanea terniflora,NA,479,0.671369689,0.17929044,NA
Socratea exorrhiza,0.23,218,NA,NA,1.645748464
Socratea salazarii,NA,124,NA,NA,NA
Solanum grandiflorum,0.35,224.8,2.173913043,0.736001564,NA
Sorocea briquetii,0.595,402.1,1.207799903,0.33392514,0.955829099
Sorocea guilleminiana,NA,224.25,0.344768563,0.078678557,NA
Sorocea muriculata,NA,265.4,NA,NA,NA
Sorocea pubivena,NA,237.75,0.65945511,0.155521539,NA
Sorocea sprucei,NA,276.25,1.00984008,0.270710556,NA
Sorocea steinbachii,NA,228.25,0.43391555,0.093810205,NA
Spondias mombin,0.401966667,812.9,1.356949007,0.397370148,0.847877235
Spondias venulosa,NA,573.2,NA,NA,NA
Stachyarrhena acuminata,0.82,NA,NA,NA,NA
Stachyarrhena spicata,NA,187.4,NA,NA,NA
Stenostomum acreanum,NA,337.3,0.698602794,0.191816066,NA
Sterculia aerisperma,0.62,NA,NA,NA,NA
Sterculia apeibophylla,0.47,607.7,1.506184439,0.347873768,NA
Sterculia apetala,0.392222222,599.85,1.86962019,0.390503105,NA
Sterculia colombiana,NA,578,1.134557281,0.339286478,NA
Sterculia excelsa,0.51,440.5,NA,NA,NA
Sterculia frondosa,0.47,456.75,1.077219075,0.21636355,NA
Sterculia kayae,NA,363.2,NA,NA,NA
Sterculia parviflora,NA,306.75,0.854340105,0.085873075,NA
Sterculia pruriens,0.4862,577.1,1.199148185,0.304734442,0.579714171
Sterculia rugosa,0.477666667,NA,NA,NA,NA
Sterculia speciosa,0.51,403.65,0.649675162,0.143174546,NA
Sterculia tessmannii,NA,413,1.051218912,0.17076448,NA
Sterigmapetalum obovatum,0.77,499.75,NA,NA,NA
Strychnos rondeletioides,0.54,NA,NA,NA,NA
Stryphnodendron guianense,0.5675,NA,NA,NA,NA
Stryphnodendron microstachyum,0.390666667,NA,NA,NA,NA
Stryphnodendron paniculatum,0.6535,639.7,0.834195918,NA,NA
Stryphnodendron polystachyum,0.463,724.05,0.903528408,0.256573794,NA
Stryphnodendron pulcherrimum,0.475,571.1,2.022660046,0.721379181,NA
Stryphnodendron racemiferum,0.752,435.7,0.749384487,0.224523781,NA
Styrax guyanensis,0.34,NA,NA,NA,NA
Swartzia arborescens,0.8345,292.5,0.502147588,0.085120244,NA
Swartzia argentea,0.86,296,NA,NA,NA
Swartzia benthamiana,0.737166667,442.85,0.564104498,0.155147614,NA
Swartzia brachyrachis,0.9,451.6,NA,NA,NA
Swartzia cardiosperma,NA,429.5,NA,NA,NA
Swartzia corrugata,1.0565,NA,NA,NA,NA
Swartzia cupavenensis,NA,349.8,NA,NA,NA
Swartzia cuspidata,0.678,NA,NA,NA,NA
Swartzia grandifolia,1.03,234.8,0.19010922,0.070880598,NA
Swartzia guianensis,0.73,215,0.170209156,NA,NA
Swartzia ingifolia,0.815,420,0.338326008,0.101032267,NA
Swartzia jorori,0.48,481.5,1.774235382,0.376855434,NA
Swartzia laevicarpa,0.6125,300.6,0.463309554,NA,NA
Swartzia laxiflora,0.9,NA,NA,NA,NA
Swartzia leblondii,0.83,311.8,0.719495025,0.099239306,NA
Swartzia leiocalycina,0.9715,532,0.644210994,0.208448269,NA
Swartzia myrtifolia,0.9,380,0.730169267,0.240598682,NA
Swartzia oblanceolata,0.86,264.95,0.481715795,0.10142173,NA
Swartzia panacoco,0.92,558.2,0.394832694,0.121819463,NA
Swartzia polyphylla,0.691,1049.55,1.796181172,0.373860463,0.602789896
Swartzia racemosa,NA,401,0.467349337,0.149966307,0.680130175
Swartzia recurva,0.89,396.4,0.550189949,0.152037487,0.401197246
Swartzia remiger,0.835,534,NA,NA,NA
Swartzia reticulata,NA,380.1,0.699300699,0.121075043,0.345384418
Swartzia schomburgkii,NA,715.2,1.285469434,0.354816141,NA
Swartzia tessmannii,NA,259.2,NA,NA,NA
Swartzia tomentifera,0.9,542.1,NA,NA,NA
Swartzia ulei,1,363.4,0.694237062,0.153761571,NA
Sweetia fruticosa,0.68,NA,NA,NA,NA
Swietenia macrophylla,0.500277778,1329.2,NA,NA,NA
Syagrus sancona,NA,229.65,NA,NA,NA
Symmeria paniculata,0.67,507.5,NA,NA,NA
Symphonia globulifera,0.59839881,470.3,1.126542546,0.387161655,0.948458088
Symplocos martinicensis,0.8,NA,NA,NA,NA
Tabebuia aurea,0.76,NA,NA,NA,NA
Tabebuia barbata,0.7,NA,NA,NA,NA
Tabebuia billbergii,0.92,NA,NA,NA,NA
Tabebuia capitata,0.921666667,465.8,NA,NA,NA
Tabebuia chrysantha,1.043333333,NA,NA,NA,NA
Tabebuia fluviatilis,0.58,NA,NA,NA,NA
Tabebuia heptaphylla,0.876666667,505.6,NA,NA,NA
Tabebuia impetiginosa,0.903333333,792.3,0.681652208,0.234190056,NA
Tabebuia incana,0.94,431.5,NA,NA,NA
Tabebuia insignis,0.526,373.75,NA,NA,NA
Tabebuia obscura,1.21,NA,NA,NA,NA
Tabebuia ochracea,0.8,NA,NA,NA,NA
Tabebuia rosea,0.53365,NA,NA,NA,NA
Tabebuia roseoalba,NA,476,1.375,0.433091832,NA
Tabebuia serratifolia,0.924,598.3,0.717928371,0.145935675,NA
Tabebuia stenocalyx,0.55675,NA,NA,NA,NA
Tabernaemontana angulata,NA,199.6,0.140028,0.05533234,NA
Tabernaemontana cymosa,0.47,528.8,1.849306597,0.47925987,NA
Tabernaemontana disticha,NA,323.9,NA,NA,NA
Tabernaemontana undulata,0.585,NA,NA,NA,NA
Tachigali alba,NA,654,NA,NA,NA
Tachigali albiflora,NA,237.6,NA,NA,NA
Tachigali bracteolata,NA,481.45,NA,NA,NA
Tachigali bracteosa,NA,591.5,2.967963237,0.957202215,NA
Tachigali cavipes,0.555,NA,NA,NA,NA
Tachigali chrysophylla,0.5405,629.4,1.963333333,0.668549428,NA
Tachigali eriopetala,NA,769.8,1.622405338,0.48389207,NA
Tachigali formicarum,NA,483.55,NA,NA,NA
Tachigali guianensis,0.625,488.95,NA,NA,NA
Tachigali hypoleuca,0.71,NA,NA,NA,NA
Tachigali melinonii,NA,652.8,2.043056142,0.612300728,0.659691844
Tachigali multijuga,0.57,NA,NA,NA,NA
Tachigali myrmecophila,0.476,662.6,1.92,0.60726921,0.871878877
Tachigali paniculata,0.5545,510.4,1.828554152,0.388366929,2.101609869
Tachigali paraensis,NA,892.6,2.978442689,0.892799611,NA
Tachigali peruviana,0.763,NA,NA,NA,NA
Tachigali plumbea,NA,537.4,NA,NA,NA
Tachigali poeppigiana,NA,539.3,1.898610296,0.588304495,2.14769529
Tachigali ptychophysca,NA,569,1.51484403,0.553830786,NA
Tachigali setifera,0.67,NA,NA,NA,NA
Tachigali tessmannii,NA,523.7,1.351902031,0.411665021,NA
Tachigali vasquezii,NA,630.9,2.926601148,1.122988652,NA
Tachigali vulgaris,NA,830,2.108766783,0.885892444,NA
Talisia cerasina,NA,236.7,0.630983823,0.137861057,NA
Talisia cupularis,NA,304.75,0.570123592,0.126217869,NA
Talisia dasyclada,NA,351.8,NA,NA,NA
Talisia esculenta,0.852333333,268.5,0.686485039,0.260724412,NA
Talisia furfuracea,NA,426.4,0.431834252,0.0962739,NA
Talisia hexaphylla,NA,282.9,0.532678408,0.124680303,NA
Talisia longifolia,NA,304,0.488363452,0.104624576,NA
Talisia macrophylla,0.94,NA,NA,NA,NA
Talisia megaphylla,0.86,NA,NA,NA,NA
Talisia microphylla,0.8165,NA,NA,NA,NA
Talisia mollis,NA,297.2,NA,NA,NA
Talisia praealta,NA,362.5,0.27711406,0.075206338,NA
Talisia retusa,NA,239,NA,NA,NA
Talisia simaboides,NA,322.2,0.409091678,0.087377957,NA
Talisia squarrosa,0.855,556.5,0.60211922,0.23523317,0.430786318
Talisia sylvatica,0.855,NA,NA,NA,NA
Tapirira guianensis,0.457,534,1.662292263,0.550890008,1.460667767
Tapirira obtusa,0.293,431.1,1.587288136,0.526843639,NA
Tapura acreana,0.62,NA,NA,NA,NA
Tapura amazonica,NA,315.2,0.393349495,0.093040076,NA
Tapura capitulifera,0.7205,735.5,0.808823529,0.185862966,NA
Tapura guianensis,0.58,220.5,0.231688074,0.058355755,0.77718003
Tapura juruana,NA,441.9,0.628441965,0.134279961,0.407270893
Taralea oppositifolia,0.896666667,668,0.582895366,0.287950862,NA
Tecoma stans,0.47,NA,NA,NA,NA
Terminalia amazonia,0.6735,833.5,1.525941809,0.344383871,0.647579248
Terminalia argentea,0.81,NA,NA,NA,NA
Terminalia catappa,0.469777778,194.75,NA,NA,NA
Terminalia dichotoma,0.707666667,NA,NA,NA,NA
Terminalia guyanensis,0.7146,1104.25,1.818418583,0.383451479,NA
Terminalia lucida,0.65,NA,NA,NA,NA
Terminalia oblonga,0.694166667,713,1.181703508,0.287546238,NA
Ternstroemia candolleana,NA,244.2,0.343997248,0.12254902,NA
Ternstroemia dentata,0.69,NA,NA,NA,NA
Tetragastris altissima,0.707857143,536.8,0.811965812,0.230373985,0.831646447
Tetragastris hostmannii,0.72,601.5,0.795714001,NA,NA
Tetragastris panamensis,0.717333333,402.6,0.572838736,0.147956421,0.615579992
Tetrastylidium peruvianum,NA,300,NA,NA,NA
Tetrathylacium macrophyllum,0.62,186.7,0.465069488,0.099177372,0.955874825
Theobroma cacao,0.42,236,0.585418217,0.124981111,1.271848637
Theobroma glaucum,NA,170.8,0.197990442,0.060934227,NA
Theobroma grandiflorum,NA,245.2,NA,NA,NA
Theobroma obovatum,0.47,315.7,0.485467844,0.150756536,NA
Theobroma speciosum,0.63,190,0.332036144,0.089671806,0.388034948
Theobroma subincanum,0.47,274,0.442252776,0.108307513,0.493028371
Theobroma sylvestre,0.668,152.4,0.194384273,0.035493786,0.598208619
Thyrsodium guianense,0.65,394.75,0.539215686,0.200190846,NA
Thyrsodium puberulum,NA,384.6,0.823043477,0.307513156,NA
Thyrsodium spruceanum,0.54,384.7,0.753572689,0.202056102,NA
Tipuana tipu,0.57,NA,NA,NA,NA
Tococa guianensis,NA,322.4,1.089310689,0.284325763,NA
Tocoyena williamsii,0.62,NA,NA,NA,NA
Toulicia guianensis,0.603,320.4,NA,NA,NA
Toulicia pulvinata,0.615,216,NA,NA,NA
Touroulia guianensis,0.76,206.8,0.541888154,0.161548778,NA
Tovomita calophyllophylla,NA,268.4,0.238891543,0.107495879,NA
Tovomita choisyana,0.58,200,NA,NA,NA
Tovomita gracilipes,0.86,NA,NA,NA,NA
Tovomita guianensis,0.6,NA,NA,NA,NA
Tovomita laurina,NA,183.1,0.337537152,0.168765426,NA
Tovomita umbellata,0.86,259.9,NA,NA,NA
Trattinnickia aspera,0.424,557.4,1.009414768,0.219760867,NA
Trattinnickia burserifolia,0.46,454.6,0.534029925,0.163441252,NA
Trattinnickia demerarae,0.415333333,NA,NA,NA,NA
Trattinnickia glaziovii,0.5205,661.25,0.811536976,0.328002302,0.757350022
Trattinnickia lawrancei,0.45,NA,NA,NA,NA
Trattinnickia peruviana,0.56,386.25,0.465549348,NA,NA
Trattinnickia rhoifolia,0.451142857,936.75,0.716199051,0.208040065,NA
Trema integerrima,0.3,NA,NA,NA,NA
Trema micrantha,0.319,330.85,3.256005265,1.260571042,NA
Trichanthera gigantea,0.45,NA,NA,NA,NA
Trichilia adolfi,NA,413.9,0.725792482,0.252854038,NA
Trichilia areolata,NA,166.3,NA,NA,NA
Trichilia cipo,NA,200.95,0.310050599,0.102480205,NA
Trichilia elegans,NA,189.05,0.678733032,0.192156204,3.894146093
Trichilia hirta,0.55,NA,NA,NA,NA
Trichilia inaequilatera,NA,327.5,NA,NA,NA
Trichilia laxipaniculata,NA,290.7,0.60913875,0.204835064,NA
Trichilia lecointei,0.9,210,NA,NA,NA
Trichilia martiana,0.47,NA,NA,NA,NA
Trichilia maynasiana,0.69,212.85,0.640600859,0.172257219,NA
Trichilia micrantha,0.6125,324.4,0.524624727,0.153618451,NA
Trichilia pachypoda,NA,406.6,0.961410669,0.178894751,NA
Trichilia pallida,0.68,293.6,0.452325431,0.136765846,0.553847549
Trichilia pleeana,0.675,436.5,0.847545105,0.236999855,2.036757416
Trichilia poeppigii,NA,220,0.45035824,0.129377106,1.848333222
Trichilia quadrijuga,0.54825,276.5,0.415049665,0.131238417,0.930226651
Trichilia rubra,0.585,242,0.564484848,0.146672151,NA
Trichilia schomburgkii,0.686666667,228,0.225638547,0.072409925,0.901853512
Trichilia septentrionalis,NA,296.8,0.5414224,0.165834137,1.588383575
Trichilia solitudinis,NA,541,0.681945236,0.200589865,NA
Trichilia surinamensis,0.46,NA,NA,NA,NA
Trichilia trifolia,0.8,287.65,NA,NA,NA
Trichospermum galeottii,0.27,NA,NA,NA,NA
Trigynaea duckei,NA,165.7,0.504632049,0.126514192,NA
Triplaris americana,0.49,221.75,1.483542549,0.391107956,4.220350956
Triplaris caracasana,NA,160.9,NA,NA,NA
Triplaris cumingiana,0.52,NA,NA,NA,NA
Triplaris peruviana,0.515,NA,NA,NA,NA
Triplaris poeppigiana,0.49,230.1,1.367372055,0.344689233,NA
Triplaris weigeltiana,0.4855,241.4,NA,NA,NA
Trophis caucana,0.47,NA,NA,NA,NA
Trophis racemosa,0.659333333,NA,NA,NA,NA
Trymatococcus amazonicus,0.6595,260.5,0.337019349,0.084639128,NA
Trymatococcus oligandrus,0.61,245.15,0.35279025,0.09471037,NA
Turpinia occidentalis,0.335,287.5,0.978764056,0.262589179,NA
Unonopsis duckei,NA,258.3,0.34672403,0.103180453,0.502215592
Unonopsis floribunda,0.42,310,0.736186584,0.179045946,1.356244868
Unonopsis glaucopetala,0.62,203,NA,NA,NA
Unonopsis guatterioides,0.52,270.25,1.449275362,0.320207318,1.193372249
Unonopsis perrottetii,NA,202.35,NA,NA,NA
Unonopsis rufescens,0.605,184,0.28518431,0.09943051,NA
Unonopsis spectabilis,0.62,NA,NA,NA,NA
Unonopsis stipitata,0.686,NA,NA,NA,NA
Unonopsis veneficiorum,0.436,NA,NA,NA,NA
Urera caracasana,0.335,277.4,1.439099284,0.527936644,4.695741259
Vantanea guianensis,NA,504,NA,NA,NA
Vantanea macrocarpa,0.832,386.25,0.573059315,0.190165009,NA
Vantanea micrantha,0.975,NA,NA,NA,NA
Vantanea parviflora,0.8335,572.65,0.840738864,0.294549601,0.349224107
Vatairea erythrocarpa,NA,637.4,1.171873353,0.353960017,NA
Vatairea guianensis,0.672,630,NA,NA,NA
Vatairea macrocarpa,0.69,NA,NA,NA,NA
Vatairea paraensis,0.71,NA,NA,NA,NA
Vatairea sericea,0.665,NA,NA,NA,NA
Vataireopsis speciosa,0.65,NA,NA,NA,NA
Vataireopsis surinamensis,0.57,NA,NA,NA,NA
Virola albidiflora,0.45,NA,NA,NA,NA
Virola caducifolia,0.461,NA,NA,NA,NA
Virola calophylla,0.472333333,316,0.785027586,0.191054128,1.377761513
Virola carinata,0.513333333,NA,NA,NA,NA
Virola duckei,NA,777.25,1.386056532,0.40551667,NA
Virola elongata,0.523333333,336.4,0.932533786,0.224675411,1.549557391
Virola flexuosa,0.51,552.25,1.18411215,0.312414829,NA
Virola kwatae,NA,917.5,NA,NA,NA
Virola michelii,0.470125,525.4,0.858127979,0.275000585,0.832678915
Virola mollissima,NA,345.15,0.665433692,0.19662767,NA
Virola multicostata,0.45,NA,NA,NA,NA
Virola multiflora,0.458,NA,NA,NA,NA
Virola multinervia,0.615,361.75,0.596471363,0.156247743,NA
Virola pavonis,0.586666667,507.3,1.003566195,0.277367738,0.57563245
Virola peruviana,NA,414.7,1.015545603,0.323317633,NA
Virola reidii,0.35,NA,NA,NA,NA
Virola sebifera,0.445375,359.3,1.1994003,0.294062928,2.49937179
Virola surinamensis,0.417909091,650.5,1.794610992,0.384959214,NA
Virola theiodora,NA,269,NA,NA,NA
Virola venosa,0.622,386.15,0.552694385,0.131022869,NA
Vismia baccifera,0.43,NA,NA,NA,NA
Vismia cayennensis,0.49,250.65,NA,NA,NA
Vismia guianensis,0.475,320,NA,NA,NA
Vismia japurensis,NA,337.7,NA,NA,NA
Vismia latifolia,0.43,NA,NA,NA,NA
Vismia macrophylla,0.4935,241,NA,NA,NA
Vitex cymosa,0.5625,NA,NA,NA,NA
Vitex gigantea,0.52,NA,NA,NA,NA
Vitex orinocensis,0.526666667,NA,NA,NA,NA
Vitex triflora,NA,450,0.312022901,0.073480904,NA
Vochysia braceliniae,0.39,NA,NA,NA,NA
Vochysia cayennensis,0.37,537.05,NA,NA,NA
Vochysia densiflora,0.356666667,NA,NA,NA,NA
Vochysia divergens,0.39,468,NA,NA,NA
Vochysia ferruginea,0.410166667,NA,NA,NA,NA
Vochysia guianensis,0.5087,858.25,NA,NA,NA
Vochysia lehmannii,0.437,NA,NA,NA,NA
Vochysia mapirensis,NA,473.25,1.585204756,0.442256285,NA
Vochysia maxima,0.495,NA,NA,NA,NA
Vochysia obidensis,0.5,622,1.395444207,0.465103247,NA
Vochysia surinamensis,0.6,850.6,NA,NA,NA
Vochysia tetraphylla,0.47425,NA,NA,NA,NA
Vochysia tomentosa,0.3775,719.3,NA,NA,NA
Vochysia vismiifolia,NA,403.45,1.285497507,0.719355343,NA
Vouacapoua americana,0.793625,695.5,0.870722548,0.224392618,0.173159541
Vouacapoua pallidior,0.9,NA,NA,NA,NA
Vouarana guianensis,0.84,NA,NA,NA,NA
Warszewiczia coccinea,0.5565,232.25,0.605214153,0.176568042,NA
Warszewiczia cordata,0.58,NA,NA,NA,NA
Warszewiczia schwackei,NA,543.5,0.823747765,0.327121466,NA
Welfia regia,0.4,551,NA,NA,NA
Wettinia equalis,NA,110.5,NA,NA,NA
Wettinia maynensis,NA,164.15,NA,NA,NA
Ximenia americana,0.8875,NA,NA,NA,NA
Xylopia amazonica,0.787,284,0.548833532,0.247430914,2.558925444
Xylopia aromatica,0.56125,NA,NA,NA,NA
Xylopia benthamii,0.6,192.8,NA,NA,NA
Xylopia calophylla,NA,273.7,0.631550786,0.245892275,NA
Xylopia crinita,NA,349.05,0.711867231,0.177906651,NA
Xylopia cuspidata,0.51,NA,NA,NA,NA
Xylopia emarginata,0.59,294,NA,NA,NA
Xylopia frutescens,0.58,238,0.634023348,0.29747962,NA
Xylopia ligustrifolia,0.6,459,1.196736455,0.397276833,NA
Xylopia nitida,0.548333333,417.8,0.996031099,0.415479951,0.674528815
Xylopia parviflora,0.6,NA,NA,NA,NA
Xylopia polyantha,0.6,292.8,1.196501091,0.425324471,NA
Xylopia sericea,NA,282.5,1.062972515,0.382281819,NA
Xylopia spruceana,NA,283,NA,NA,NA
Xylopia surinamensis,0.6,NA,NA,NA,NA
Xylosma intermedia,0.77,NA,NA,NA,NA
Zanthoxylum acuminatum,NA,427.9,NA,NA,NA
Zanthoxylum apiculatum,0.42,NA,NA,NA,NA
Zanthoxylum caribaeum,0.76,NA,NA,NA,NA
Zanthoxylum culantrillo,NA,518,0.910931174,0.392248112,NA
Zanthoxylum martinicense,0.602333333,NA,NA,NA,NA
Zanthoxylum pentandrum,0.6735,NA,NA,NA,NA
Zanthoxylum rhoifolium,0.493333333,415.05,NA,NA,NA
Zanthoxylum riedelianum,0.48,NA,NA,NA,NA
Zanthoxylum setulosum,0.469,NA,NA,NA,NA
Zanthoxylum sprucei,NA,426.2,2.034853823,0.574148061,NA
Ziziphus cinnamomum,NA,641.6,0.762500496,0.210528691,NA
Zollernia paraensis,0.99,NA,NA,NA,NA
Zuelania guidonia,0.563,NA,NA,NA,NA
Zygia cataractae,NA,366,0.295420975,0.096278476,NA
Zygia coccinea,0.69,205.4,0.331142215,0.076703794,NA
Zygia juruana,0.69,NA,NA,NA,NA
Zygia latifolia,0.75,348,0.807436282,0.195090739,1.034184345
Zygia longifolia,0.71,NA,NA,NA,NA
Zygia racemosa,0.748,465,0.605151089,0.174085647,0.572241472
Zygia ramiflora,NA,186.5,0.247622613,0.054049599,NA
